id,name,text_path,audio_path,narrator,duration,author,text_url,audio_url,duration_hour,sample_rate,quality,word_count,num_sentences
d8750b4e,cho-toi-xin-mot-ve-đi-tuoi-tho,,,"{'id': '016f1b30', 'name': 'Phan Phương Thảo', 'dialect': None, 'gender': None, 'age': None, 'url': 'https://sachnoiviet.net/giong-doc/phan-phuong-thao', 'tone': None, 'volume': None, 'speed': None, 'pitch': None}",2.4858,Nguyễn Nhật Ánh,https://thuviensachpdf.com/cho-toi-xin-mot-ve-di-tuoi-tho,https://sachnoiviet.net/sach-noi/cho-toi-xin-mot-ve-di-tuoi-tho,,,,,
d175614d,"đoi-ngan,-đung-khoc,-hay-to-son",,,"{'id': 'c5d51579', 'name': 'Mộc', 'dialect': None, 'gender': None, 'age': None, 'url': 'https://sachnoiviet.net/giong-doc/moc', 'tone': None, 'volume': None, 'speed': None, 'pitch': None}",2.5319,Gari,https://thuviensachpdf.com/doi-ngan-dung-khoc-hay-to-son,https://sachnoiviet.net/sach-noi/doi-ngan-dung-khoc-hay-to-son,,,,,
bbb72afb,luoc-truyen-đuc-phat-thich-ca,,,"{'id': '17d787db', 'name': 'Chiếu Thành', 'dialect': None, 'gender': None, 'age': None, 'url': 'https://sachnoiviet.net/giong-doc/chieu-thanh', 'tone': None, 'volume': None, 'speed': None, 'pitch': None}",2.49,Jonathan Landaw,https://thuviensachpdf.com/luoc-truyen-duc-phat-thich-ca,https://sachnoiviet.net/sach-noi/luoc-truyen-duc-phat-thich-ca,,,,,
d7ec20de,nhung-tro-nguy-bien-bien-sai-thanh-trai,,,"{'id': 'cdd4a528', 'name': 'Unknown', 'dialect': None, 'gender': None, 'age': None, 'url': 'Unknown', 'tone': None, 'volume': None, 'speed': None, 'pitch': None}",2.9281,Alpha Books,https://thuviensachpdf.com/nhung-tro-nguy-bien-bien-sai-thanh-trai,https://sachnoiviet.net/sach-noi/nhung-tro-nguy-bien-bien-sai-thanh-trai,,,,,
f16a173e,cucho-cau-be-hieu-thao,,,"{'id': '872e5e7e', 'name': 'Trung Can', 'dialect': None, 'gender': None, 'age': None, 'url': 'https://sachnoiviet.net/giong-doc/trung-can', 'tone': None, 'volume': None, 'speed': None, 'pitch': None}",2.0539,José Luis Olaizola,https://thuviensachpdf.com/cucho-cau-be-hieu-thao,https://sachnoiviet.net/sach-noi/cucho-cau-be-hieu-thao,,,,,
87eac70b,chu-nguoi-tu-tu,,,"{'id': 'ed22a1f0', 'name': 'Trần Ngọc San', 'dialect': None, 'gender': None, 'age': None, 'url': 'https://sachnoiviet.net/giong-doc/tran-ngoc-san', 'tone': None, 'volume': None, 'speed': None, 'pitch': None}",0.3792,Nguyễn Tuân,https://thuviensachpdf.com/chu-nguoi-tu-tu,https://sachnoiviet.net/sach-noi/chu-nguoi-tu-tu,,,,,
6ab70446,cai-dung-cua-thanh-nhan,,,"{'id': '29a59fd0', 'name': 'Minh Hoàng', 'dialect': None, 'gender': None, 'age': None, 'url': 'https://sachnoiviet.net/giong-doc/minh-hoang', 'tone': None, 'volume': None, 'speed': None, 'pitch': None}",2.0556,Nguyễn Duy Cần,https://thuviensachpdf.com/cai-dung-cua-thanh-nhan,https://sachnoiviet.net/sach-noi/cai-dung-cua-thanh-nhan,,,,,
4910e201,ha-đo,,,"{'id': '02acd2de', 'name': 'Trần Ngọc San', 'dialect': None, 'gender': None, 'age': None, 'url': 'https://sachnoiviet.net/giong-doc/tran-ngoc-san', 'tone': None, 'volume': None, 'speed': None, 'pitch': None}",2.8047,Nguyễn Nhật Ánh,https://thuviensachpdf.com/ha-do,https://sachnoiviet.net/sach-noi/ha-do,,,,,
9845f729,"đoi-ban,-ban-khong-song,-ai-song-ho",,,"{'id': '54c61348', 'name': 'Mộc', 'dialect': None, 'gender': None, 'age': None, 'url': 'https://sachnoiviet.net/giong-doc/moc', 'tone': None, 'volume': None, 'speed': None, 'pitch': None}",2.3692,Watanabe Kuzuko,https://thuviensachpdf.com/doi-ban-ban-khong-song-ai-song-ho,https://sachnoiviet.net/sach-noi/doi-ban-ban-khong-song-ai-song-ho,,,,,
643c24c9,noi-nao-co-y-chi-noi-đo-co-con-đuong,,,"{'id': 'da4163ce', 'name': 'Ái Hòa', 'dialect': None, 'gender': None, 'age': None, 'url': 'https://sachnoiviet.net/giong-doc/ai-hoa', 'tone': None, 'volume': None, 'speed': None, 'pitch': None}",2.3989,Cynthia Kersey,https://thuviensachpdf.com/noi-nao-co-y-chi-noi-do-co-con-duong,https://sachnoiviet.net/sach-noi/noi-nao-co-y-chi-noi-do-co-con-duong,,,,,
72617dbe,ong-ngoai,,,"{'id': '5999301f', 'name': 'Nguyễn Kim Mai Thư', 'dialect': None, 'gender': None, 'age': None, 'url': 'https://sachnoiviet.net/giong-doc/nguyen-kim-mai-thu', 'tone': None, 'volume': None, 'speed': None, 'pitch': None}",2.0614,Nguyễn Ngọc Tư,https://thuviensachpdf.com/ong-ngoai,https://sachnoiviet.net/sach-noi/ong-ngoai,,,,,
2eefd6e8,hoang-tu-be,,,"{'id': 'd9547fea', 'name': 'Trần Ngọc San', 'dialect': None, 'gender': None, 'age': None, 'url': 'https://sachnoiviet.net/giong-doc/tran-ngoc-san', 'tone': None, 'volume': None, 'speed': None, 'pitch': None}",1.8433,Antoine De Saint Exupéry,https://thuviensachpdf.com/hoang-tu-be,https://sachnoiviet.net/sach-noi/hoang-tu-be,,,,,
2834d96c,bai-hoc-vo-gia-tu-nhung-đieu-binh-di,,,"{'id': 'e0421835', 'name': 'Tường Vi', 'dialect': None, 'gender': None, 'age': None, 'url': 'https://sachnoiviet.net/giong-doc/tuong-vi', 'tone': None, 'volume': None, 'speed': None, 'pitch': None}",2.365,G Francis Xavier. Ph D,https://thuviensachpdf.com/bai-hoc-vo-gia-tu-nhung-dieu-binh-di,https://sachnoiviet.net/sach-noi/bai-hoc-vo-gia-tu-nhung-dieu-binh-di,,,,,
76f771d1,noi-nhieu-khong-bang-noi-đung,,,"{'id': '2a7c8c6d', 'name': 'Lemon Media', 'dialect': None, 'gender': None, 'age': None, 'url': 'https://sachnoiviet.net/giong-doc/lemon-media', 'tone': None, 'volume': None, 'speed': None, 'pitch': None}",2.7633,Khuyết Danh,https://thuviensachpdf.com/noi-nhieu-khong-bang-noi-dung,https://sachnoiviet.net/sach-noi/noi-nhieu-khong-bang-noi-dung,,,,,
b26a8a3e,quan-ly-thoi-gian,,,"{'id': '4115182c', 'name': 'Dong Do Studio', 'dialect': None, 'gender': None, 'age': None, 'url': 'https://sachnoiviet.net/giong-doc/dong-do-studio', 'tone': None, 'volume': None, 'speed': None, 'pitch': None}",2.2439,Martin Manser,https://thuviensachpdf.com/quan-ly-thoi-gian,https://sachnoiviet.net/sach-noi/quan-ly-thoi-gian,,,,,
79a58f3f,to-chuc-cong-viec-lam-an,,,"{'id': '7e0249e0', 'name': 'Sách Hay Bizbook', 'dialect': None, 'gender': None, 'age': None, 'url': 'https://sachnoiviet.net/giong-doc/sach-hay-bizbook', 'tone': None, 'volume': None, 'speed': None, 'pitch': None}",2.8736,Nguyễn Hiến Lê,https://thuviensachpdf.com/to-chuc-cong-viec-lam-an,https://sachnoiviet.net/sach-noi/to-chuc-cong-viec-lam-an,,,,,
8f6b1161,bi-mat-cua-nhung-đai-gia-sinh-vien,,,"{'id': '21dc4112', 'name': 'Lê Yến', 'dialect': None, 'gender': None, 'age': None, 'url': 'https://sachnoiviet.net/giong-doc/le-yen', 'tone': None, 'volume': None, 'speed': None, 'pitch': None}",2.6014,Đào Đức Dũng,https://thuviensachpdf.com/bi-mat-cua-nhung-dai-gia-sinh-vien,https://sachnoiviet.net/sach-noi/bi-mat-cua-nhung-dai-gia-sinh-vien,,,,,
a8506d81,bon-mua-cuoc-song,,,"{'id': '9bab4644', 'name': 'Sách Nói Bản Full', 'dialect': None, 'gender': None, 'age': None, 'url': 'https://sachnoiviet.net/giong-doc/sach-noi-ban-full', 'tone': None, 'volume': None, 'speed': None, 'pitch': None}",1.3556,Jim Rohn,https://thuviensachpdf.com/bon-mua-cuoc-song,https://sachnoiviet.net/sach-noi/bon-mua-cuoc-song,,,,,
02466bd3,sinh-ra-la-mot-ban-the-đung-chet-nhu-mot-ban-sao,,,"{'id': '72c60267', 'name': 'Trí Tuệ Nhân Tạo', 'dialect': None, 'gender': None, 'age': None, 'url': 'https://sachnoiviet.net/giong-doc/tri-tue-nhan-tao', 'tone': None, 'volume': None, 'speed': None, 'pitch': None}",2.6486,John Mason,https://thuviensachpdf.com/sinh-ra-la-mot-ban-the-dung-chet-nhu-mot-ban-sao,https://sachnoiviet.net/sach-noi/sinh-ra-la-mot-ban-the-dung-chet-nhu-mot-ban-sao,,,,,
62186b91,nguoi-that-chi,,,"{'id': '1225232f', 'name': 'Nào Đi Thôi', 'dialect': None, 'gender': None, 'age': None, 'url': 'https://sachnoiviet.net/giong-doc/nao-di-thoi', 'tone': None, 'volume': None, 'speed': None, 'pitch': None}",2.9161,Hồ Biểu Chánh,https://thuviensachpdf.com/nguoi-that-chi,https://sachnoiviet.net/sach-noi/nguoi-that-chi,,,,,
1ba7de87,day-tre-ve-the-gioi-xung-quanh,,,"{'id': '229c819c', 'name': 'Unknown', 'dialect': None, 'gender': None, 'age': None, 'url': 'Unknown', 'tone': None, 'volume': None, 'speed': None, 'pitch': None}",2.3097,Glenn Doman,https://thuviensachpdf.com/day-tre-ve-the-gioi-xung-quanh,https://sachnoiviet.net/sach-noi/day-tre-ve-the-gioi-xung-quanh,,,,,
69ddccaf,co-gai-đen-tu-hom-qua,,,"{'id': '84ee6613', 'name': 'Bình Nguyên', 'dialect': None, 'gender': None, 'age': None, 'url': 'https://sachnoiviet.net/giong-doc/binh-nguyen', 'tone': None, 'volume': None, 'speed': None, 'pitch': None}",2.9275,Nguyễn Nhật Ánh,https://thuviensachpdf.com/co-gai-den-tu-hom-qua,https://sachnoiviet.net/sach-noi/co-gai-den-tu-hom-qua,,,,,
057f5eb2,ngan-nam-cho-đoi,,,"{'id': 'f2cdd82d', 'name': 'Huệ Leo', 'dialect': None, 'gender': None, 'age': None, 'url': 'https://sachnoiviet.net/giong-doc/hue-leo', 'tone': None, 'volume': None, 'speed': None, 'pitch': None}",2.1828,Diệp Lạc Vô Tâm,https://thuviensachpdf.com/ngan-nam-cho-doi,https://sachnoiviet.net/sach-noi/ngan-nam-cho-doi,,,,,
622b5206,10-quy-luat-cuoc-song,,,"{'id': 'd416d681', 'name': 'Lê Trang', 'dialect': None, 'gender': None, 'age': None, 'url': 'https://sachnoiviet.net/giong-doc/le-trang', 'tone': None, 'volume': None, 'speed': None, 'pitch': None}",2.4194,Dan Sullivan,https://thuviensachpdf.com/10-quy-luat-cuoc-song,https://sachnoiviet.net/sach-noi/10-quy-luat-cuoc-song,,,,,
e009884e,nguoi-vo-hien,,,"{'id': '97707d7a', 'name': 'Hồng Trinh', 'dialect': None, 'gender': None, 'age': None, 'url': 'https://sachnoiviet.net/giong-doc/hong-trinh', 'tone': None, 'volume': None, 'speed': None, 'pitch': None}",2.3344,Thới Xuyên,https://thuviensachpdf.com/nguoi-vo-hien,https://sachnoiviet.net/sach-noi/nguoi-vo-hien,,,,,
0c818581,thu-gui-nguoi-đan-ba-khong-quen-biet,,,"{'id': '4961a5ee', 'name': 'Mộc', 'dialect': None, 'gender': None, 'age': None, 'url': 'https://sachnoiviet.net/giong-doc/moc', 'tone': None, 'volume': None, 'speed': None, 'pitch': None}",2.1436,André Maurois,https://thuviensachpdf.com/thu-gui-nguoi-dan-ba-khong-quen-biet,https://sachnoiviet.net/sach-noi/thu-gui-nguoi-dan-ba-khong-quen-biet,,,,,
9e22d026,ren-luyen-tinh-cam,,,"{'id': 'a287e892', 'name': 'Minh Trung', 'dialect': None, 'gender': None, 'age': None, 'url': 'https://sachnoiviet.net/giong-doc/minh-trung', 'tone': None, 'volume': None, 'speed': None, 'pitch': None}",2.4411,Nguyễn Hiến Lê,https://thuviensachpdf.com/ren-luyen-tinh-cam,https://sachnoiviet.net/sach-noi/ren-luyen-tinh-cam,,,,,
16990707,the-gioi-phang,,,"{'id': '2b640848', 'name': 'Unknown', 'dialect': None, 'gender': None, 'age': None, 'url': 'Unknown', 'tone': None, 'volume': None, 'speed': None, 'pitch': None}",1.4778,Thomas L. Friedman,https://thuviensachpdf.com/the-gioi-phang,https://sachnoiviet.net/sach-noi/the-gioi-phang,,,,,
c1e7b512,tin-vao-chinh-minh,,,"{'id': 'ad9b2b29', 'name': 'MC Quốc Bình', 'dialect': None, 'gender': None, 'age': None, 'url': 'https://sachnoiviet.net/giong-doc/mc-quoc-binh', 'tone': None, 'volume': None, 'speed': None, 'pitch': None}",1.1533,Louise L. Hay,https://thuviensachpdf.com/tin-vao-chinh-minh,https://sachnoiviet.net/sach-noi/tin-vao-chinh-minh,,,,,
a6fd007a,10-bai-hoc-tren-chiec-khan-an,,,"{'id': '5fe0c6b3', 'name': 'Trần Huỳnh Phương Trang', 'dialect': None, 'gender': None, 'age': None, 'url': 'https://sachnoiviet.net/giong-doc/tran-huy-phuong-trang', 'tone': None, 'volume': None, 'speed': None, 'pitch': None}",2.5039,Don Failla,https://thuviensachpdf.com/10-bai-hoc-tren-chiec-khan-an,https://sachnoiviet.net/sach-noi/10-bai-hoc-tren-chiec-khan-an,,,,,
41301425,long-da-ðan-ba,,,"{'id': 'c066dc9f', 'name': 'Hồng Trinh', 'dialect': None, 'gender': None, 'age': None, 'url': 'https://sachnoiviet.net/giong-doc/hong-trinh', 'tone': None, 'volume': None, 'speed': None, 'pitch': None}",0.7497,Hồ Biểu Chánh,https://thuviensachpdf.com/long-da-dan-ba,https://sachnoiviet.net/sach-noi/long-da-dan-ba,,,,,
705c991c,nghiep-tinh-yeu,,,"{'id': '51b3a84c', 'name': 'Kỳ Duyên', 'dialect': None, 'gender': None, 'age': None, 'url': 'https://sachnoiviet.net/giong-doc/ky-duyen', 'tone': None, 'volume': None, 'speed': None, 'pitch': None}",1.9556,Geshe Michael Roach,https://thuviensachpdf.com/nghiep-tinh-yeu,https://sachnoiviet.net/sach-noi/nghiep-tinh-yeu,,,,,
7c345eab,chi-nam-thien-tap-danh-cho-nguoi-tre,,,"{'id': 'fbd67bb4', 'name': 'Hướng Dương', 'dialect': None, 'gender': None, 'age': None, 'url': 'https://sachnoiviet.net/giong-doc/huong-duong', 'tone': None, 'volume': None, 'speed': None, 'pitch': None}",1.5611,Thích Nhất Hạnh,https://thuviensachpdf.com/chi-nam-thien-tap-danh-cho-nguoi-tre,https://sachnoiviet.net/sach-noi/chi-nam-thien-tap-danh-cho-nguoi-tre,,,,,
a4aa8298,truyen-kieu-van-xuoi-danh-cho-nguoi-tre,,,"{'id': 'e09d0c4b', 'name': 'Tuệ Ngọc Vân Vân', 'dialect': None, 'gender': None, 'age': None, 'url': 'https://sachnoiviet.net/giong-doc/tue-ngoc-van-van', 'tone': None, 'volume': None, 'speed': None, 'pitch': None}",2.4553,Thích Nhất Hạnh,https://thuviensachpdf.com/truyen-kieu-van-xuoi-danh-cho-nguoi-tre,https://sachnoiviet.net/sach-noi/truyen-kieu-van-xuoi-danh-cho-nguoi-tre,,,,,
f02ad604,su-binh-an-khong-gi-lay-chuyen,,,"{'id': '8b39cb0f', 'name': 'Huy Hồ', 'dialect': None, 'gender': None, 'age': None, 'url': 'https://sachnoiviet.net/giong-doc/huy-ho', 'tone': None, 'volume': None, 'speed': None, 'pitch': None}",2.3972,Ajahn Chah,https://thuviensachpdf.com/su-binh-an-khong-gi-lay-chuyen,https://sachnoiviet.net/sach-noi/su-binh-an-khong-gi-lay-chuyen,,,,,
c6156be7,cau-chuyen-nha-quan-ly-ca-rot-va-nghe-thuat-khen-thuong,,,"{'id': 'd7e4afba', 'name': 'Unknown', 'dialect': None, 'gender': None, 'age': None, 'url': 'Unknown', 'tone': None, 'volume': None, 'speed': None, 'pitch': None}",1.8222,Adrian Gostick,https://thuviensachpdf.com/cau-chuyen-nha-quan-ly-ca-rot-va-nghe-thuat-khen-thuong,https://sachnoiviet.net/sach-noi/cau-chuyen-nha-quan-ly-ca-rot-va-nghe-thuat-khen-thuong,,,,,
dec107fb,bi-quyet-thay-đoi-cuoc-đoi,,,"{'id': '6364ff28', 'name': 'Trần Huỳnh Phương Trang', 'dialect': None, 'gender': None, 'age': None, 'url': 'https://sachnoiviet.net/giong-doc/tran-huy-phuong-trang', 'tone': None, 'volume': None, 'speed': None, 'pitch': None}",2.8328,Dick Lyles,https://thuviensachpdf.com/bi-quyet-thay-doi-cuoc-doi,https://sachnoiviet.net/sach-noi/bi-quyet-thay-doi-cuoc-doi,,,,,
60c248f3,bong-hong-cai-ao,,,"{'id': '327d5881', 'name': 'Trần Ngọc San', 'dialect': None, 'gender': None, 'age': None, 'url': 'https://sachnoiviet.net/giong-doc/tran-ngoc-san', 'tone': None, 'volume': None, 'speed': None, 'pitch': None}",1.5156,Thích Nhất Hạnh,https://thuviensachpdf.com/bong-hong-cai-ao,https://sachnoiviet.net/sach-noi/bong-hong-cai-ao,,,,,
89f0bc31,nhung-cau-chuyen-thien-ac,,,"{'id': '42e02120', 'name': 'Unknown', 'dialect': None, 'gender': None, 'age': None, 'url': 'Unknown', 'tone': None, 'volume': None, 'speed': None, 'pitch': None}",1.8633,Thích Tâm Thuận,https://thuviensachpdf.com/nhung-cau-chuyen-thien-ac,https://sachnoiviet.net/sach-noi/nhung-cau-chuyen-thien-ac,,,,,
e7bb7657,thay-lazaro-phien,,,"{'id': '3e59c5cf', 'name': 'Hồng Trinh', 'dialect': None, 'gender': None, 'age': None, 'url': 'https://sachnoiviet.net/giong-doc/hong-trinh', 'tone': None, 'volume': None, 'speed': None, 'pitch': None}",0.9833,Nguyễn Trọng Quản,https://thuviensachpdf.com/thay-lazaro-phien,https://sachnoiviet.net/sach-noi/thay-lazaro-phien,,,,,
f8fe75b7,suc-manh-cua-ngon-tu,,,"{'id': '4154d676', 'name': 'Unknown', 'dialect': None, 'gender': None, 'age': None, 'url': 'Unknown', 'tone': None, 'volume': None, 'speed': None, 'pitch': None}",1.8675,Don Gabor,https://thuviensachpdf.com/suc-manh-cua-ngon-tu,https://sachnoiviet.net/sach-noi/suc-manh-cua-ngon-tu,,,,,
fd737238,hachiko---chu-cho-đoi-cho,,,"{'id': '079f652d', 'name': 'Huỳnh Hữu Thiên Ân', 'dialect': None, 'gender': None, 'age': None, 'url': 'https://sachnoiviet.net/giong-doc/huynh-huu-thien-an', 'tone': None, 'volume': None, 'speed': None, 'pitch': None}",1.8181,Luis Prats,https://thuviensachpdf.com/hachiko-chu-cho-doi-cho,https://sachnoiviet.net/sach-noi/hachiko-chu-cho-doi-cho,,,,,
515a35e2,tu-noi-tam-huong-ra-ben-ngoai,,,"{'id': 'd3a81d3f', 'name': 'Bình Minh', 'dialect': None, 'gender': None, 'age': None, 'url': 'https://sachnoiviet.net/giong-doc/binh-minh', 'tone': None, 'volume': None, 'speed': None, 'pitch': None}",2.76,Dadi Janki,https://thuviensachpdf.com/tu-noi-tam-huong-ra-ben-ngoai,https://sachnoiviet.net/sach-noi/tu-noi-tam-huong-ra-ben-ngoai,,,,,
001ff79e,viec-lang,,,"{'id': '9f63f104', 'name': 'Mạc Duy Thắng', 'dialect': None, 'gender': None, 'age': None, 'url': 'https://sachnoiviet.net/giong-doc/mac-duy-thang', 'tone': None, 'volume': None, 'speed': None, 'pitch': None}",2.8556,Ngô Tất Tố,https://thuviensachpdf.com/viec-lang,https://sachnoiviet.net/sach-noi/viec-lang,,,,,
e877be9c,nguoi-me-cam-sung,,,"{'id': '1a158dbe', 'name': 'Trần Ngọc San', 'dialect': None, 'gender': None, 'age': None, 'url': 'https://sachnoiviet.net/giong-doc/tran-ngoc-san', 'tone': None, 'volume': None, 'speed': None, 'pitch': None}",1.8083,Nguyễn Thi,https://thuviensachpdf.com/nguoi-me-cam-sung,https://sachnoiviet.net/sach-noi/nguoi-me-cam-sung,,,,,
553c702f,chuyen-con-oc-sen-muon-biet-tai-sao-no-cham-chap,,,"{'id': 'd014578b', 'name': 'Unknown', 'dialect': None, 'gender': None, 'age': None, 'url': 'Unknown', 'tone': None, 'volume': None, 'speed': None, 'pitch': None}",1.3036,Luis Sepúlveda,https://thuviensachpdf.com/chuyen-con-oc-sen-muon-biet-tai-sao-no-cham-chap,https://sachnoiviet.net/sach-noi/chuyen-con-oc-sen-muon-biet-tai-sao-no-cham-chap,,,,,
68f6c3e0,nguoi-ban-hang-vi-đai-nhat-the-gioi,,,"{'id': 'a43131f9', 'name': 'Lê Vương', 'dialect': None, 'gender': None, 'age': None, 'url': 'https://sachnoiviet.net/giong-doc/le-vuong', 'tone': None, 'volume': None, 'speed': None, 'pitch': None}",2.4672,Og Mandino,https://thuviensachpdf.com/nguoi-ban-hang-vi-dai-nhat-the-gioi,https://sachnoiviet.net/sach-noi/nguoi-ban-hang-vi-dai-nhat-the-gioi,,,,,
259e28ef,đoan-mat-vu-cua-ngo-đinh-can,,,"{'id': 'ce28bb33', 'name': 'Quang Dũng', 'dialect': None, 'gender': None, 'age': None, 'url': 'https://sachnoiviet.net/giong-doc/quang-dung', 'tone': None, 'volume': None, 'speed': None, 'pitch': None}",2.3361,Văn Phan,https://thuviensachpdf.com/doan-mat-vu-cua-ngo-dinh-can,https://sachnoiviet.net/sach-noi/doan-mat-vu-cua-ngo-dinh-can,,,,,
ee2fb842,suc-manh-cua-tri-tue-tam-linh,,,"{'id': 'b2f5f7cb', 'name': 'Huỳnh Hữu Thiên Ân', 'dialect': None, 'gender': None, 'age': None, 'url': 'https://sachnoiviet.net/giong-doc/huynh-huu-thien-an', 'tone': None, 'volume': None, 'speed': None, 'pitch': None}",2.8439,Tony Buzan,https://thuviensachpdf.com/suc-manh-cua-tri-tue-tam-linh,https://sachnoiviet.net/sach-noi/suc-manh-cua-tri-tue-tam-linh,,,,,
8f91e2eb,toi-la-beto,,,"{'id': '86eea1b9', 'name': 'Bình Nguyên', 'dialect': None, 'gender': None, 'age': None, 'url': 'https://sachnoiviet.net/giong-doc/binh-nguyen', 'tone': None, 'volume': None, 'speed': None, 'pitch': None}",1.9536,Nguyễn Nhật Ánh,https://thuviensachpdf.com/toi-la-beto,https://sachnoiviet.net/sach-noi/toi-la-beto,,,,,
ae2cf5c8,nhat-stuart,,,"{'id': 'ec7ec8e6', 'name': 'Tiểu Thư Thỏ', 'dialect': None, 'gender': None, 'age': None, 'url': 'https://sachnoiviet.net/giong-doc/tieu-thu-tho', 'tone': None, 'volume': None, 'speed': None, 'pitch': None}",1.8944,E. B. White,https://thuviensachpdf.com/nhat-stuart,https://sachnoiviet.net/sach-noi/nhat-stuart,,,,,
e71cb20d,"đung-cua,-đan-ong-tu-đo",,,"{'id': 'c07c722c', 'name': 'Mộc', 'dialect': None, 'gender': None, 'age': None, 'url': 'https://sachnoiviet.net/giong-doc/moc', 'tone': None, 'volume': None, 'speed': None, 'pitch': None}",2.8583,Nhi Hexe,https://thuviensachpdf.com/dung-cua-dan-ong-tu-do,https://sachnoiviet.net/sach-noi/dung-cua-dan-ong-tu-do,,,,,
f8eec0b5,22-quy-luat-bat-bien-trong-xay-dung-thuong-hieu,,,"{'id': '7174c0eb', 'name': 'Dong Do Studio', 'dialect': None, 'gender': None, 'age': None, 'url': 'https://sachnoiviet.net/giong-doc/dong-do-studio', 'tone': None, 'volume': None, 'speed': None, 'pitch': None}",2.53,Al Ries,https://thuviensachpdf.com/22-quy-luat-bat-bien-trong-xay-dung-thuong-hieu,https://sachnoiviet.net/sach-noi/22-quy-luat-bat-bien-trong-xay-dung-thuong-hieu,,,,,
8eaf8434,đoi-ngan-đung-ngu-dai,,,"{'id': 'd2d16f10', 'name': 'Sách Nói Bản Full', 'dialect': None, 'gender': None, 'age': None, 'url': 'https://sachnoiviet.net/giong-doc/sach-noi-ban-full', 'tone': None, 'volume': None, 'speed': None, 'pitch': None}",2.5667,Robin Sharma,https://thuviensachpdf.com/doi-ngan-dung-ngu-dai,https://sachnoiviet.net/sach-noi/doi-ngan-dung-ngu-dai,,,,,
eb8c72ba,bo-cau-khong-đua-thu,,,"{'id': 'bbc5c296', 'name': 'Hoàng Anh', 'dialect': None, 'gender': None, 'age': None, 'url': 'https://sachnoiviet.net/giong-doc/hoang-anh', 'tone': None, 'volume': None, 'speed': None, 'pitch': None}",2.9806,Nguyễn Nhật Ánh,https://thuviensachpdf.com/bo-cau-khong-dua-thu,https://sachnoiviet.net/sach-noi/bo-cau-khong-dua-thu,,,,,
9ef5f0e7,ai-lay-mieng-pho-mat-cua-toi?,,,"{'id': 'ec3dbb9f', 'name': 'Lê Yến', 'dialect': None, 'gender': None, 'age': None, 'url': 'https://sachnoiviet.net/giong-doc/le-yen', 'tone': None, 'volume': None, 'speed': None, 'pitch': None}",1.3025,Spencer Johnson,https://thuviensachpdf.com/ai-lay-mieng-pho-mat-cua-toi,https://sachnoiviet.net/sach-noi/ai-lay-mieng-pho-mat-cua-toi,,,,,
53da3fd9,10-đieu-khac-biet-nhat-giua-ke-thang-va-nguoi-thua,,,"{'id': '4423eb3f', 'name': 'Nguyễn Phước Hải', 'dialect': None, 'gender': None, 'age': None, 'url': 'https://sachnoiviet.net/giong-doc/nguyen-phuoc-hai', 'tone': None, 'volume': None, 'speed': None, 'pitch': None}",1.5861,Keith Cameron Smith,https://thuviensachpdf.com/10-dieu-khac-biet-nhat-giua-ke-thang-va-nguoi-thua,https://sachnoiviet.net/sach-noi/10-dieu-khac-biet-nhat-giua-ke-thang-va-nguoi-thua,,,,,
e2d0c0d7,truyen-co-phat-giao,,,"{'id': '60ae792e', 'name': 'Giang Ngọc', 'dialect': None, 'gender': None, 'age': None, 'url': 'https://sachnoiviet.net/giong-doc/giang-ngoc', 'tone': None, 'volume': None, 'speed': None, 'pitch': None}",2.5781,Diệu Hạnh Giao Trinh,https://thuviensachpdf.com/truyen-co-phat-giao,https://sachnoiviet.net/sach-noi/truyen-co-phat-giao,,,,,
3d5ac19e,ben-bo-thien-mac,,,"{'id': '81a38196', 'name': 'Ngọc Hiếu', 'dialect': None, 'gender': None, 'age': None, 'url': 'https://sachnoiviet.net/giong-doc/ngoc-hieu', 'tone': None, 'volume': None, 'speed': None, 'pitch': None}",2.3964,Hà Ân,https://thuviensachpdf.com/ben-bo-thien-mac,https://sachnoiviet.net/sach-noi/ben-bo-thien-mac,,,,,
78e9f7ab,mac-ke-thien-ha-song-nhu-nguoi-nhat,,,"{'id': '0a4f3f61', 'name': 'Vicky', 'dialect': None, 'gender': None, 'age': None, 'url': 'https://sachnoiviet.net/giong-doc/vicky', 'tone': None, 'volume': None, 'speed': None, 'pitch': None}",2.4039,Mari Tamagawa,https://thuviensachpdf.com/mac-ke-thien-ha-song-nhu-nguoi-nhat,https://sachnoiviet.net/sach-noi/mac-ke-thien-ha-song-nhu-nguoi-nhat,,,,,
173c8d52,cam-nang-phong-sinh,,,"{'id': 'b5fd57ae', 'name': 'Trường Tân', 'dialect': None, 'gender': None, 'age': None, 'url': 'https://sachnoiviet.net/giong-doc/truong-tan', 'tone': None, 'volume': None, 'speed': None, 'pitch': None}",2.7056,Nguyễn Minh Tiến,https://thuviensachpdf.com/cam-nang-phong-sinh,https://sachnoiviet.net/sach-noi/cam-nang-phong-sinh,,,,,
d906c47b,chi-song-thoi-la-đa-đu-tuyet-voi,,,"{'id': 'c512349c', 'name': 'Mộc', 'dialect': None, 'gender': None, 'age': None, 'url': 'https://sachnoiviet.net/giong-doc/moc', 'tone': None, 'volume': None, 'speed': None, 'pitch': None}",2.3719,Itsuki Hiroyuki,https://thuviensachpdf.com/chi-song-thoi-la-da-du-tuyet-voi,https://sachnoiviet.net/sach-noi/chi-song-thoi-la-da-du-tuyet-voi,,,,,
17b0bfd1,chang-co-ai-ca,,,"{'id': 'a57ca3cf', 'name': 'Tuấn Anh', 'dialect': None, 'gender': None, 'age': None, 'url': 'https://sachnoiviet.net/giong-doc/tuan-anh', 'tone': None, 'volume': None, 'speed': None, 'pitch': None}",1.8889,Ajahn Chah,https://thuviensachpdf.com/chang-co-ai-ca,https://sachnoiviet.net/sach-noi/chang-co-ai-ca,,,,,
a841dbba,kinh-đia-tang-bo-tat-bon-nguyen,,,"{'id': 'a6aa6bce', 'name': 'Trần Ngọc San', 'dialect': None, 'gender': None, 'age': None, 'url': 'https://sachnoiviet.net/giong-doc/tran-ngoc-san', 'tone': None, 'volume': None, 'speed': None, 'pitch': None}",2.02,Thích Trí Tịnh,https://thuviensachpdf.com/kinh-dia-tang-bo-tat-bon-nguyen,https://sachnoiviet.net/sach-noi/kinh-dia-tang-bo-tat-bon-nguyen,,,,,
c8abba20,tuyen-tap-truyen-ngan-nguyen-cong-hoan,,,"{'id': '78216a6a', 'name': 'Trung Nghị', 'dialect': None, 'gender': None, 'age': None, 'url': 'https://sachnoiviet.net/giong-doc/trung-nghi', 'tone': None, 'volume': None, 'speed': None, 'pitch': None}",1.7722,Nguyễn Công Hoan,https://thuviensachpdf.com/tuyen-tap-truyen-ngan-nguye%cc%82%cc%83n-co%cc%82ng-hoan,https://sachnoiviet.net/sach-noi/tuyen-tap-truyen-ngan-nguye%cc%82%cc%83n-co%cc%82ng-hoan,,,,,
adacb44d,truyen-ke-đem-giang-sinh,,,"{'id': '821d50ef', 'name': 'Hoàng Trang', 'dialect': None, 'gender': None, 'age': None, 'url': 'https://sachnoiviet.net/giong-doc/hoang-trang', 'tone': None, 'volume': None, 'speed': None, 'pitch': None}",1.4792,Phương Đình Toại,https://thuviensachpdf.com/truyen-ke-dem-giang-sinh,https://sachnoiviet.net/sach-noi/truyen-ke-dem-giang-sinh,,,,,
aef55864,nguoi-gioi-khong-phai-la-nguoi-lam-tat-ca,,,"{'id': '41248085', 'name': 'Unknown', 'dialect': None, 'gender': None, 'age': None, 'url': 'Unknown', 'tone': None, 'volume': None, 'speed': None, 'pitch': None}",1.0,Donna M. Genett,https://thuviensachpdf.com/nguoi-gioi-khong-phai-la-nguoi-lam-tat-ca,https://sachnoiviet.net/sach-noi/nguoi-gioi-khong-phai-la-nguoi-lam-tat-ca,,,,,
9d574ecd,thuat-xu-the-cua-nguoi-xua,,,"{'id': 'd7409ddd', 'name': 'Uyên Minh', 'dialect': None, 'gender': None, 'age': None, 'url': 'https://sachnoiviet.net/giong-doc/uyen-minh', 'tone': None, 'volume': None, 'speed': None, 'pitch': None}",2.2003,Nguyễn Duy Cần,https://thuviensachpdf.com/thuat-xu-the-cua-nguoi-xua,https://sachnoiviet.net/sach-noi/thuat-xu-the-cua-nguoi-xua,,,,,
fe7461c8,thien-linh-cai,,,"{'id': '418a3733', 'name': 'Bình Nguyên', 'dialect': None, 'gender': None, 'age': None, 'url': 'https://sachnoiviet.net/giong-doc/binh-nguyen', 'tone': None, 'volume': None, 'speed': None, 'pitch': None}",2.1469,Trương Thanh Thùy,https://thuviensachpdf.com/thien-linh-cai,https://sachnoiviet.net/sach-noi/thien-linh-cai,,,,,
0dc92300,đe-tro-thanh-nguoi-ban-hang-xuat-sac,,,"{'id': '41d22d29', 'name': 'Trần Huỳnh Phương Trang', 'dialect': None, 'gender': None, 'age': None, 'url': 'https://sachnoiviet.net/giong-doc/tran-huy-phuong-trang', 'tone': None, 'volume': None, 'speed': None, 'pitch': None}",2.7578,Jeffrey J. Fox,https://thuviensachpdf.com/de-tro-thanh-nguoi-ban-hang-xuat-sac,https://sachnoiviet.net/sach-noi/de-tro-thanh-nguoi-ban-hang-xuat-sac,,,,,
38aefb3c,buc-thu-cua-nguoi-đan-ba-khong-quen,,,"{'id': 'dd17d395', 'name': 'Châu Reading', 'dialect': None, 'gender': None, 'age': None, 'url': 'https://sachnoiviet.net/giong-doc/chau-reading', 'tone': None, 'volume': None, 'speed': None, 'pitch': None}",2.07,Stéfan Zweig,https://thuviensachpdf.com/buc-thu-cua-nguoi-dan-ba-khong-quen,https://sachnoiviet.net/sach-noi/buc-thu-cua-nguoi-dan-ba-khong-quen,,,,,
cac81a93,chiec-luoc-nga,,,"{'id': 'a60c140a', 'name': 'Trần Ngọc San', 'dialect': None, 'gender': None, 'age': None, 'url': 'https://sachnoiviet.net/giong-doc/tran-ngoc-san', 'tone': None, 'volume': None, 'speed': None, 'pitch': None}",1.0403,Nguyễn Quang Sáng,https://thuviensachpdf.com/chiec-luoc-nga,https://sachnoiviet.net/sach-noi/chiec-luoc-nga,,,,,
94150970,ngay-xua-co-mot-con-bo...,,,"{'id': 'f3305090', 'name': 'Sách Nói Bản Full', 'dialect': None, 'gender': None, 'age': None, 'url': 'https://sachnoiviet.net/giong-doc/sach-noi-ban-full', 'tone': None, 'volume': None, 'speed': None, 'pitch': None}",2.5694,Camilo Cruz,https://thuviensachpdf.com/ngay-xua-co-mot-con-bo,https://sachnoiviet.net/sach-noi/ngay-xua-co-mot-con-bo,,,,,
5ee4c821,uyen-uong-đao,,,"{'id': 'ef376e9d', 'name': 'Thanh Sang', 'dialect': None, 'gender': None, 'age': None, 'url': 'https://sachnoiviet.net/giong-doc/thanh-sang', 'tone': None, 'volume': None, 'speed': None, 'pitch': None}",2.3186,Kim Dung,https://thuviensachpdf.com/uyen-uong-dao,https://sachnoiviet.net/sach-noi/uyen-uong-dao,,,,,
969977c4,vi-sao-toi-kho,,,"{'id': 'bf376e46', 'name': 'Việt Cường', 'dialect': None, 'gender': None, 'age': None, 'url': 'https://sachnoiviet.net/giong-doc/viet-cuong', 'tone': None, 'volume': None, 'speed': None, 'pitch': None}",1.8517,Nguyên Minh,https://thuviensachpdf.com/vi-sao-toi-kho,https://sachnoiviet.net/sach-noi/vi-sao-toi-kho,,,,,
76b9a64b,chinh-phuc-muc-tieu,,,"{'id': '3853424e', 'name': 'Unknown', 'dialect': None, 'gender': None, 'age': None, 'url': 'Unknown', 'tone': None, 'volume': None, 'speed': None, 'pitch': None}",1.9892,Brian Tracy,https://thuviensachpdf.com/chinh-phuc-muc-tieu,https://sachnoiviet.net/sach-noi/chinh-phuc-muc-tieu,,,,,
24ef471c,cong-tu-bac-lieu,,,"{'id': '388d340c', 'name': 'Thu Hiền', 'dialect': None, 'gender': None, 'age': None, 'url': 'https://sachnoiviet.net/giong-doc/thu-hien', 'tone': None, 'volume': None, 'speed': None, 'pitch': None}",2.5986,Nguyên Hùng,https://thuviensachpdf.com/cong-tu-bac-lieu,https://sachnoiviet.net/sach-noi/cong-tu-bac-lieu,,,,,
bf1ead58,giu-gin-36-pho-phuong,,,"{'id': 'e1719c7f', 'name': 'MC Quốc Bình', 'dialect': None, 'gender': None, 'age': None, 'url': 'https://sachnoiviet.net/giong-doc/mc-quoc-binh', 'tone': None, 'volume': None, 'speed': None, 'pitch': None}",2.4225,Tô Hoài,https://thuviensachpdf.com/giu-gin-36-pho-phuong,https://sachnoiviet.net/sach-noi/giu-gin-36-pho-phuong,,,,,
fe7ccf4a,"hon-truong-ba,-da-hang-thit",,,"{'id': 'd72564b1', 'name': 'Trần Ngọc San', 'dialect': None, 'gender': None, 'age': None, 'url': 'https://sachnoiviet.net/giong-doc/tran-ngoc-san', 'tone': None, 'volume': None, 'speed': None, 'pitch': None}",2.2717,Lưu Quang Vũ,https://thuviensachpdf.com/hon-truong-ba-da-hang-thit,https://sachnoiviet.net/sach-noi/hon-truong-ba-da-hang-thit,,,,,
83aff81b,chuyen-con-meo-va-con-chuot-ban-than-cua-no,,,"{'id': 'e4885f12', 'name': 'Phùng Thu Ngân', 'dialect': None, 'gender': None, 'age': None, 'url': 'https://sachnoiviet.net/giong-doc/phung-thu-ngan', 'tone': None, 'volume': None, 'speed': None, 'pitch': None}",0.8206,Luis Sepúlveda,https://thuviensachpdf.com/chuyen-con-meo-va-con-chuot-ban-than-cua-no,https://sachnoiviet.net/sach-noi/chuyen-con-meo-va-con-chuot-ban-than-cua-no,,,,,
84266698,giay-phut-lo-lam,,,"{'id': '613538b7', 'name': 'Ngọc Như', 'dialect': None, 'gender': None, 'age': None, 'url': 'https://sachnoiviet.net/giong-doc/ngoc-nhu', 'tone': None, 'volume': None, 'speed': None, 'pitch': None}",2.3242,Agatha Christie,https://thuviensachpdf.com/giay-phut-lo-lam,https://sachnoiviet.net/sach-noi/giay-phut-lo-lam,,,,,
4c4c0f1c,mot-nghe-thuat-song,,,"{'id': '47c57b25', 'name': 'Liên Xuyến', 'dialect': None, 'gender': None, 'age': None, 'url': 'https://sachnoiviet.net/giong-doc/lien-xuyen', 'tone': None, 'volume': None, 'speed': None, 'pitch': None}",1.8022,Thu Giang,https://thuviensachpdf.com/mot-nghe-thuat-song,https://sachnoiviet.net/sach-noi/mot-nghe-thuat-song,,,,,
d9c23a2a,vi-giam-đoc-hieu-qua,,,"{'id': '5edfe4a0', 'name': 'Ái Hòa', 'dialect': None, 'gender': None, 'age': None, 'url': 'https://sachnoiviet.net/giong-doc/ai-hoa', 'tone': None, 'volume': None, 'speed': None, 'pitch': None}",2.1672,Ken Blanchard,https://thuviensachpdf.com/vi-giam-doc-hieu-qua,https://sachnoiviet.net/sach-noi/vi-giam-doc-hieu-qua,,,,,
b5edfb06,co-gai-lang-son-ha,,,"{'id': '3d0c0ca8', 'name': 'Hồng Trinh', 'dialect': None, 'gender': None, 'age': None, 'url': 'https://sachnoiviet.net/giong-doc/hong-trinh', 'tone': None, 'volume': None, 'speed': None, 'pitch': None}",1.0681,Ngọc Giao,https://thuviensachpdf.com/co-gai-lang-son-ha,https://sachnoiviet.net/sach-noi/co-gai-lang-son-ha,,,,,
052fa18a,than-thoai-bac-au,,,"{'id': 'c01cd377', 'name': 'Lâm Thanh Toàn', 'dialect': None, 'gender': None, 'age': None, 'url': 'https://sachnoiviet.net/giong-doc/lam-thanh-toan', 'tone': None, 'volume': None, 'speed': None, 'pitch': None}",1.4467,Nhiều Tác Giả,https://thuviensachpdf.com/than-thoai-bac-au,https://sachnoiviet.net/sach-noi/than-thoai-bac-au,,,,,
483745c8,luon-mim-cuoi-voi-cuoc-song,,,"{'id': '0fc660fd', 'name': 'Trung Nghị', 'dialect': None, 'gender': None, 'age': None, 'url': 'https://sachnoiviet.net/giong-doc/trung-nghi', 'tone': None, 'volume': None, 'speed': None, 'pitch': None}",1.545,Nhã Nam,https://thuviensachpdf.com/luon-mim-cuoi-voi-cuoc-song,https://sachnoiviet.net/sach-noi/luon-mim-cuoi-voi-cuoc-song,,,,,
df30e4b1,nhung-đong-tien-siet-mau,,,"{'id': 'c200245c', 'name': 'Hồng Trinh', 'dialect': None, 'gender': None, 'age': None, 'url': 'https://sachnoiviet.net/giong-doc/hong-trinh', 'tone': None, 'volume': None, 'speed': None, 'pitch': None}",2.7428,Lê Văn Trương,https://thuviensachpdf.com/nhung-dong-tien-siet-mau,https://sachnoiviet.net/sach-noi/nhung-dong-tien-siet-mau,,,,,
545af405,thiet-gia-gia-thiet,,,"{'id': '5ee7fac0', 'name': 'Trần Thu Uyên', 'dialect': None, 'gender': None, 'age': None, 'url': 'https://sachnoiviet.net/giong-doc/tran-thu-uyen', 'tone': None, 'volume': None, 'speed': None, 'pitch': None}",2.8697,Hồ Biểu Chánh,https://thuviensachpdf.com/thiet-gia-gia-thiet,https://sachnoiviet.net/sach-noi/thiet-gia-gia-thiet,,,,,
c13e74e9,song-nhu-nguoi-paris,,,"{'id': 'd0d6f77d', 'name': 'Mộc', 'dialect': None, 'gender': None, 'age': None, 'url': 'https://sachnoiviet.net/giong-doc/moc', 'tone': None, 'volume': None, 'speed': None, 'pitch': None}",2.86,Anne Berest,https://thuviensachpdf.com/song-nhu-nguoi-paris,https://sachnoiviet.net/sach-noi/song-nhu-nguoi-paris,,,,,
0480923b,"xin-loi,-em-chi-la-con-đi",,,"{'id': 'c836e978', 'name': 'Mộc Nhi', 'dialect': None, 'gender': None, 'age': None, 'url': 'https://sachnoiviet.net/giong-doc/moc-nhi', 'tone': None, 'volume': None, 'speed': None, 'pitch': None}",2.2972,Tào Đình,https://thuviensachpdf.com/xin-loi-em-chi-la-con-di,https://sachnoiviet.net/sach-noi/xin-loi-em-chi-la-con-di,,,,,
6e22667e,hon-buom-mo-tien,,,"{'id': '6fdbcc15', 'name': 'Hồng Trinh', 'dialect': None, 'gender': None, 'age': None, 'url': 'https://sachnoiviet.net/giong-doc/hong-trinh', 'tone': None, 'volume': None, 'speed': None, 'pitch': None}",2.0031,Khái Hưng,https://thuviensachpdf.com/hon-buom-mo-tien,https://sachnoiviet.net/sach-noi/hon-buom-mo-tien,,,,,
326c2e95,tao-thao,,,"{'id': 'd5e1953b', 'name': 'Diên Vỹ', 'dialect': None, 'gender': None, 'age': None, 'url': 'https://sachnoiviet.net/giong-doc/dien-vy', 'tone': None, 'volume': None, 'speed': None, 'pitch': None}",2.075,Tào Trọng Hoài,https://thuviensachpdf.com/tao-thao,https://sachnoiviet.net/sach-noi/tao-thao,,,,,
a56529b9,22-quy-luat-bat-bien-trong-marketing,,,"{'id': '9715dcf3', 'name': 'Dong Do Studio', 'dialect': None, 'gender': None, 'age': None, 'url': 'https://sachnoiviet.net/giong-doc/dong-do-studio', 'tone': None, 'volume': None, 'speed': None, 'pitch': None}",2.3483,Al Ries,https://thuviensachpdf.com/22-quy-luat-bat-bien-trong-marketing,https://sachnoiviet.net/sach-noi/22-quy-luat-bat-bien-trong-marketing,,,,,
5ab05311,chi-pheo,,,"{'id': '670c5a54', 'name': 'Trần Ngọc San', 'dialect': None, 'gender': None, 'age': None, 'url': 'https://sachnoiviet.net/giong-doc/tran-ngoc-san', 'tone': None, 'volume': None, 'speed': None, 'pitch': None}",2.6397,Nam Cao,https://thuviensachpdf.com/chi-pheo,https://sachnoiviet.net/sach-noi/chi-pheo,,,,,
de10c2f2,lam-le,,,"{'id': 'f57d8b15', 'name': 'Hồng Trinh', 'dialect': None, 'gender': None, 'age': None, 'url': 'https://sachnoiviet.net/giong-doc/hong-trinh', 'tone': None, 'volume': None, 'speed': None, 'pitch': None}",2.7858,Mạnh Phú Tư,https://thuviensachpdf.com/lam-le,https://sachnoiviet.net/sach-noi/lam-le,,,,,
77f6f024,co-hai-con-meo-ngoi-ben-cua-so,,,"{'id': 'eadafbf4', 'name': 'Quỳnh Hái', 'dialect': None, 'gender': None, 'age': None, 'url': 'https://sachnoiviet.net/giong-doc/quynh-hai', 'tone': None, 'volume': None, 'speed': None, 'pitch': None}",2.3703,Nguyễn Nhật Ánh,https://thuviensachpdf.com/co-hai-con-meo-ngoi-ben-cua-so,https://sachnoiviet.net/sach-noi/co-hai-con-meo-ngoi-ben-cua-so,,,,,
adc48b58,trong-chop-mat,,,"{'id': 'fd9ffc5f', 'name': 'Đi và Đọc', 'dialect': None, 'gender': None, 'age': None, 'url': 'https://sachnoiviet.net/giong-doc/di-va-doc', 'tone': None, 'volume': None, 'speed': None, 'pitch': None}",1.7083,Malcolm Gladwell,https://thuviensachpdf.com/trong-chop-mat,https://sachnoiviet.net/sach-noi/trong-chop-mat,,,,,
987775ec,noi-ngoai-đeu-thuong,,,"{'id': 'd01f588c', 'name': 'Phương Minh', 'dialect': None, 'gender': None, 'age': None, 'url': 'https://sachnoiviet.net/giong-doc/phuong-minh', 'tone': None, 'volume': None, 'speed': None, 'pitch': None}",2.6764,Khiêm Cung,https://thuviensachpdf.com/noi-ngoai-deu-thuong,https://sachnoiviet.net/sach-noi/noi-ngoai-deu-thuong,,,,,
c75b9997,chia-khoa-thanh-cong,,,"{'id': '5424483a', 'name': 'Elly Trương', 'dialect': None, 'gender': None, 'age': None, 'url': 'https://sachnoiviet.net/giong-doc/elly-truong', 'tone': None, 'volume': None, 'speed': None, 'pitch': None}",2.5869,Jim Rohn,https://thuviensachpdf.com/chia-khoa-thanh-cong,https://sachnoiviet.net/sach-noi/chia-khoa-thanh-cong,,,,,
7a47a1f9,đem-trang,,,"{'id': 'c1c3af13', 'name': 'Hoàng Quân', 'dialect': None, 'gender': None, 'age': None, 'url': 'https://sachnoiviet.net/giong-doc/hoang-quan', 'tone': None, 'volume': None, 'speed': None, 'pitch': None}",2.2661,Dostoevsky,https://thuviensachpdf.com/dem-trang,https://sachnoiviet.net/sach-noi/dem-trang,,,,,
9ae14e36,quen-hom-qua-song-cho-ngay-mai,,,"{'id': '07f5fff1', 'name': 'Thanh Trúc', 'dialect': None, 'gender': None, 'age': None, 'url': 'https://sachnoiviet.net/giong-doc/thanh-truc', 'tone': None, 'volume': None, 'speed': None, 'pitch': None}",2.1722,Tian Dayton,https://thuviensachpdf.com/quen-hom-qua-song-cho-ngay-mai,https://sachnoiviet.net/sach-noi/quen-hom-qua-song-cho-ngay-mai,,,,,
af647082,ping---hanh-trinh-ra-bien-lon,,,"{'id': 'e2b04d90', 'name': 'Ái Hòa', 'dialect': None, 'gender': None, 'age': None, 'url': 'https://sachnoiviet.net/giong-doc/ai-hoa', 'tone': None, 'volume': None, 'speed': None, 'pitch': None}",1.8222,Stuart Avery Gold,https://thuviensachpdf.com/ping-hanh-trinh-ra-bien-lon,https://sachnoiviet.net/sach-noi/ping-hanh-trinh-ra-bien-lon,,,,,
32e025a6,vo-cung-tan-nhan-vo-cung-yeu-thuong,,,"{'id': '83594901', 'name': 'Unknown', 'dialect': None, 'gender': None, 'age': None, 'url': 'Unknown', 'tone': None, 'volume': None, 'speed': None, 'pitch': None}",2.9083,Sara Imas,https://thuviensachpdf.com/vo-cung-tan-nhan-vo-cung-yeu-thuong,https://sachnoiviet.net/sach-noi/vo-cung-tan-nhan-vo-cung-yeu-thuong,,,,,
fd47a841,chuyen-ve-nhung-nguoi-co-đon,,,"{'id': 'e10f7542', 'name': 'Trần Ngọc San', 'dialect': None, 'gender': None, 'age': None, 'url': 'https://sachnoiviet.net/giong-doc/tran-ngoc-san', 'tone': None, 'volume': None, 'speed': None, 'pitch': None}",2.9342,Hà Vũ,https://thuviensachpdf.com/chuyen-ve-nhung-nguoi-co-don,https://sachnoiviet.net/sach-noi/chuyen-ve-nhung-nguoi-co-don,,,,,
d85f7c2c,com-thay-com-co,,,"{'id': 'df30b4bd', 'name': 'Hồng Trinh', 'dialect': None, 'gender': None, 'age': None, 'url': 'https://sachnoiviet.net/giong-doc/hong-trinh', 'tone': None, 'volume': None, 'speed': None, 'pitch': None}",1.5656,Vũ Trọng Phụng,https://thuviensachpdf.com/com-thay-com-co,https://sachnoiviet.net/sach-noi/com-thay-com-co,,,,,
605db91a,ben-via-he,,,"{'id': '666e3ec7', 'name': 'Thanh Nguyệt', 'dialect': None, 'gender': None, 'age': None, 'url': 'https://sachnoiviet.net/giong-doc/thanh-nguyet', 'tone': None, 'volume': None, 'speed': None, 'pitch': None}",2.3292,Ngọc Phương,https://thuviensachpdf.com/ben-via-he,https://sachnoiviet.net/sach-noi/ben-via-he,,,,,
0d8b162d,đung-đoi-đen-khi-tot-nghiep-đai-hoc,,,"{'id': '1821da08', 'name': 'Unknown', 'dialect': None, 'gender': None, 'age': None, 'url': 'Unknown', 'tone': None, 'volume': None, 'speed': None, 'pitch': None}",1.9722,Alpha Books,https://thuviensachpdf.com/dung-doi-den-khi-tot-nghiep-dai-hoc,https://sachnoiviet.net/sach-noi/dung-doi-den-khi-tot-nghiep-dai-hoc,,,,,
bb324285,phut-nhin-lai-minh,,,"{'id': '0d4387e2', 'name': 'Trung Nghị', 'dialect': None, 'gender': None, 'age': None, 'url': 'https://sachnoiviet.net/giong-doc/trung-nghi', 'tone': None, 'volume': None, 'speed': None, 'pitch': None}",2.67,Spencer Johnson,https://thuviensachpdf.com/phut-nhin-lai-minh,https://sachnoiviet.net/sach-noi/phut-nhin-lai-minh,,,,,
08385b55,hoang-tu-nho-va-chu-be-ngheo-kho,,,"{'id': '5258bbd8', 'name': 'Ngô Hồng', 'dialect': None, 'gender': None, 'age': None, 'url': 'https://sachnoiviet.net/giong-doc/ngo-hong', 'tone': None, 'volume': None, 'speed': None, 'pitch': None}",2.3556,Mark Twain,https://thuviensachpdf.com/hoang-tu-nho-va-chu-be-ngheo-kho,https://sachnoiviet.net/sach-noi/hoang-tu-nho-va-chu-be-ngheo-kho,,,,,
390d7fd6,bi-mat-chiec-xo-cam-xuc,,,"{'id': '0214cf25', 'name': 'Giang MJ', 'dialect': None, 'gender': None, 'age': None, 'url': 'https://sachnoiviet.net/giong-doc/giang-mj', 'tone': None, 'volume': None, 'speed': None, 'pitch': None}",1.2564,Donald O. Clfton,https://thuviensachpdf.com/bi-mat-chiec-xo-cam-xuc,https://sachnoiviet.net/sach-noi/bi-mat-chiec-xo-cam-xuc,,,,,
79605952,tam-hon-cao-thuong,,,"{'id': 'e8cb8d38', 'name': 'SHI', 'dialect': None, 'gender': None, 'age': None, 'url': 'https://sachnoiviet.net/giong-doc/shi', 'tone': None, 'volume': None, 'speed': None, 'pitch': None}",0.5617,Edmondo De Amicis,https://thuviensachpdf.com/tam-hon-cao-thuong,https://sachnoiviet.net/sach-noi/tam-hon-cao-thuong,,,,,
5b21b2be,đao-mong-mo,,,"{'id': 'd773fd32', 'name': 'Mai Trang', 'dialect': None, 'gender': None, 'age': None, 'url': 'https://sachnoiviet.net/giong-doc/mai-trang', 'tone': None, 'volume': None, 'speed': None, 'pitch': None}",2.4042,Nguyễn Nhật Ánh,https://thuviensachpdf.com/dao-mong-mo,https://sachnoiviet.net/sach-noi/dao-mong-mo,,,,,
10441501,đe-ban-luon-tre-mai,,,"{'id': 'adca61bd', 'name': 'Uyên Minh', 'dialect': None, 'gender': None, 'age': None, 'url': 'https://sachnoiviet.net/giong-doc/uyen-minh', 'tone': None, 'volume': None, 'speed': None, 'pitch': None}",2.6539,Suzy Allegra,https://thuviensachpdf.com/de-ban-luon-tre-mai,https://sachnoiviet.net/sach-noi/de-ban-luon-tre-mai,,,,,
ed000c04,bi-quyet-tuyen-dung-va-đai-ngo-nguoi-tai,,,"{'id': 'e2ecfee9', 'name': 'Giang MJ', 'dialect': None, 'gender': None, 'age': None, 'url': 'https://sachnoiviet.net/giong-doc/giang-mj', 'tone': None, 'volume': None, 'speed': None, 'pitch': None}",1.4883,Brian Tracy,https://thuviensachpdf.com/bi-quyet-tuyen-dung-va-dai-ngo-nguoi-tai,https://sachnoiviet.net/sach-noi/bi-quyet-tuyen-dung-va-dai-ngo-nguoi-tai,,,,,
323fae11,tam-ly-thi-truong-chung-khoan,,,"{'id': 'aeb99254', 'name': 'Unknown', 'dialect': None, 'gender': None, 'age': None, 'url': 'Unknown', 'tone': None, 'volume': None, 'speed': None, 'pitch': None}",2.2239,George Selden,https://thuviensachpdf.com/tam-ly-thi-truong-chung-khoan,https://sachnoiviet.net/sach-noi/tam-ly-thi-truong-chung-khoan,,,,,
4a403afe,qua-tang-dieu-ky,,,"{'id': '33c6dd4b', 'name': 'Bá Trung', 'dialect': None, 'gender': None, 'age': None, 'url': 'https://sachnoiviet.net/giong-doc/ba-trung', 'tone': None, 'volume': None, 'speed': None, 'pitch': None}",1.5069,Spencer Johnson,https://thuviensachpdf.com/qua-tang-dieu-ky,https://sachnoiviet.net/sach-noi/qua-tang-dieu-ky,,,,,
008c8a8f,kiem-tien-sieu-toc,,,"{'id': '5cdb1104', 'name': 'Unknown', 'dialect': None, 'gender': None, 'age': None, 'url': 'Unknown', 'tone': None, 'volume': None, 'speed': None, 'pitch': None}",1.1861,Mark Victor Hansen & Robert G. Allen,https://thuviensachpdf.com/kiem-tien-sieu-toc,https://sachnoiviet.net/sach-noi/kiem-tien-sieu-toc,,,,,
1670e2ea,tung-buoc-no-hoa-sen,,,"{'id': '34b02346', 'name': 'Chiếu Thành', 'dialect': None, 'gender': None, 'age': None, 'url': 'https://sachnoiviet.net/giong-doc/chieu-thanh', 'tone': None, 'volume': None, 'speed': None, 'pitch': None}",1.4914,Thích Nhất Hạnh,https://thuviensachpdf.com/tung-buoc-no-hoa-sen,https://sachnoiviet.net/sach-noi/tung-buoc-no-hoa-sen,,,,,
1dd3ea04,buong-xa-phien-nao,,,"{'id': '29480d04', 'name': 'Tiểu Thư Thỏ', 'dialect': None, 'gender': None, 'age': None, 'url': 'https://sachnoiviet.net/giong-doc/tieu-thu-tho', 'tone': None, 'volume': None, 'speed': None, 'pitch': None}",2.9486,Thích Thánh Nghiêm,https://thuviensachpdf.com/buong-xa-phien-nao,https://sachnoiviet.net/sach-noi/buong-xa-phien-nao,,,,,
25990fa8,đoi-tho,,,"{'id': '14d04124', 'name': 'Unknown', 'dialect': None, 'gender': None, 'age': None, 'url': 'Unknown', 'tone': None, 'volume': None, 'speed': None, 'pitch': None}",2.1364,Richard Adams,https://thuviensachpdf.com/doi-tho,https://sachnoiviet.net/sach-noi/doi-tho,,,,,
5ac8c0b6,khu-rung-ky-dieu,,,"{'id': '56c26471', 'name': 'Ngọc Hân', 'dialect': None, 'gender': None, 'age': None, 'url': 'https://sachnoiviet.net/giong-doc/ngoc-han', 'tone': None, 'volume': None, 'speed': None, 'pitch': None}",2.5364,Stewart Edward White,https://thuviensachpdf.com/khu-rung-ky-dieu,https://sachnoiviet.net/sach-noi/khu-rung-ky-dieu,,,,,
33f3b8e3,may-mua-thu,,,"{'id': '49dbb7dd', 'name': 'Hoàng Quí', 'dialect': None, 'gender': None, 'age': None, 'url': 'https://sachnoiviet.net/giong-doc/hoang-qui', 'tone': None, 'volume': None, 'speed': None, 'pitch': None}",2.2178,Duyên Anh,https://thuviensachpdf.com/may-mua-thu,https://sachnoiviet.net/sach-noi/may-mua-thu,,,,,
3e1b458e,bi-mat-cua-may-man,,,"{'id': '8a9e0825', 'name': 'Quỳnh Giang', 'dialect': None, 'gender': None, 'age': None, 'url': 'https://sachnoiviet.net/giong-doc/quynh-giang', 'tone': None, 'volume': None, 'speed': None, 'pitch': None}",2.0875,Alex Rovira,https://thuviensachpdf.com/bi-mat-cua-may-man,https://sachnoiviet.net/sach-noi/bi-mat-cua-may-man,,,,,
b66af91a,to-tam,,,"{'id': '73fd4945', 'name': 'Hồng Trinh', 'dialect': None, 'gender': None, 'age': None, 'url': 'https://sachnoiviet.net/giong-doc/hong-trinh', 'tone': None, 'volume': None, 'speed': None, 'pitch': None}",2.7064,Hoàng Ngọc Phách,https://thuviensachpdf.com/to-tam,https://sachnoiviet.net/sach-noi/to-tam,,,,,
8cbb3ff8,truy-mong,,,"{'id': 'f5b059e6', 'name': 'Châu Reading', 'dialect': None, 'gender': None, 'age': None, 'url': 'https://sachnoiviet.net/giong-doc/chau-reading', 'tone': None, 'volume': None, 'speed': None, 'pitch': None}",1.6114,Neil Gaiman,https://thuviensachpdf.com/truy-mong,https://sachnoiviet.net/sach-noi/truy-mong,,,,,
7ec2f2df,thien-than-nho-cua-toi,,,"{'id': 'b94e1a83', 'name': 'Bình Nguyên', 'dialect': None, 'gender': None, 'age': None, 'url': 'https://sachnoiviet.net/giong-doc/binh-nguyen', 'tone': None, 'volume': None, 'speed': None, 'pitch': None}",2.3714,Nguyễn Nhật Ánh,https://thuviensachpdf.com/thien-than-nho-cua-toi,https://sachnoiviet.net/sach-noi/thien-than-nho-cua-toi,,,,,
2858e7ef,"ban-chi-can-song-tot,-troi-xanh-tu-an-bai",,,"{'id': '8913bd88', 'name': 'Thi Lê', 'dialect': None, 'gender': None, 'age': None, 'url': 'https://sachnoiviet.net/giong-doc/thi-le', 'tone': None, 'volume': None, 'speed': None, 'pitch': None}",2.0039,Kotoha Yao,https://thuviensachpdf.com/ban-chi-can-song-tot-troi-xanh-tu-an-bai,https://sachnoiviet.net/sach-noi/ban-chi-can-song-tot-troi-xanh-tu-an-bai,,,,,
58437332,nguoi-thanh-cong-lam-gi-vao-buoi-toi,,,"{'id': 'c0341643', 'name': 'Minh Hòa', 'dialect': None, 'gender': None, 'age': None, 'url': 'https://sachnoiviet.net/giong-doc/minh-hoa', 'tone': None, 'volume': None, 'speed': None, 'pitch': None}",1.9472,Hayato Goto,https://thuviensachpdf.com/nguoi-thanh-cong-lam-gi-vao-buoi-toi,https://sachnoiviet.net/sach-noi/nguoi-thanh-cong-lam-gi-vao-buoi-toi,,,,,
28b1310b,trat-tu-vu-tru,,,"{'id': '9c40a503', 'name': 'Bà Già Đọc Sách', 'dialect': None, 'gender': None, 'age': None, 'url': 'https://sachnoiviet.net/giong-doc/ba-gia-doc-sach', 'tone': None, 'volume': None, 'speed': None, 'pitch': None}",2.5853,George Ohsawa,https://thuviensachpdf.com/trat-tu-vu-tru,https://sachnoiviet.net/sach-noi/trat-tu-vu-tru,,,,,
e5e50e03,chuyen-con-cho-ten-la-trung-thanh,,,"{'id': '5dca54d7', 'name': 'Phùng Thu Ngân', 'dialect': None, 'gender': None, 'age': None, 'url': 'https://sachnoiviet.net/giong-doc/phung-thu-ngan', 'tone': None, 'volume': None, 'speed': None, 'pitch': None}",1.0897,Luis Sepúlveda,https://thuviensachpdf.com/chuyen-con-cho-ten-la-trung-thanh,https://sachnoiviet.net/sach-noi/chuyen-con-cho-ten-la-trung-thanh,,,,,
0a095722,bo-đe-đat-ma-quan-tam-phap,,,"{'id': '3fd79b53', 'name': 'Tuệ Ngọc Vân Vân', 'dialect': None, 'gender': None, 'age': None, 'url': 'https://sachnoiviet.net/giong-doc/tue-ngoc-van-van', 'tone': None, 'volume': None, 'speed': None, 'pitch': None}",1.4789,Minh Thiền,https://thuviensachpdf.com/bo-de-dat-ma-quan-tam-phap,https://sachnoiviet.net/sach-noi/bo-de-dat-ma-quan-tam-phap,,,,,
98a335f6,chua-thu-sao-biet-khong-the,,,"{'id': 'b9b824cf', 'name': 'Diễm Khanh', 'dialect': None, 'gender': None, 'age': None, 'url': 'https://sachnoiviet.net/giong-doc/diem-khanh', 'tone': None, 'volume': None, 'speed': None, 'pitch': None}",2.4047,Lâm Moon,https://thuviensachpdf.com/chua-thu-sao-biet-khong-the,https://sachnoiviet.net/sach-noi/chua-thu-sao-biet-khong-the,,,,,
7e11d977,con-se-lam-đuoc,,,"{'id': '416f648a', 'name': 'Ái Hòa', 'dialect': None, 'gender': None, 'age': None, 'url': 'https://sachnoiviet.net/giong-doc/ai-hoa', 'tone': None, 'volume': None, 'speed': None, 'pitch': None}",2.0278,Donna M. Genetit,https://thuviensachpdf.com/con-se-lam-duoc,https://sachnoiviet.net/sach-noi/con-se-lam-duoc,,,,,
fcdab1e5,nhung-cau-chuyen-cua-homer,,,"{'id': '7aabb08f', 'name': 'Minh Hoàng', 'dialect': None, 'gender': None, 'age': None, 'url': 'https://sachnoiviet.net/giong-doc/minh-hoang', 'tone': None, 'volume': None, 'speed': None, 'pitch': None}",1.975,Cao Xuân Hạo,https://thuviensachpdf.com/nhung-cau-chuyen-cua-homer,https://sachnoiviet.net/sach-noi/nhung-cau-chuyen-cua-homer,,,,,
5980b3fb,day-oan,,,"{'id': '5fac1aac', 'name': 'Lê Như Quỳnh', 'dialect': None, 'gender': None, 'age': None, 'url': 'https://sachnoiviet.net/giong-doc/le-nhu-quynh', 'tone': None, 'volume': None, 'speed': None, 'pitch': None}",2.0986,Hồ Biểu Chánh,https://thuviensachpdf.com/day-oan,https://sachnoiviet.net/sach-noi/day-oan,,,,,
3470c992,nghe-thuat-tu-choi,,,"{'id': 'b839cafc', 'name': 'Thùy Uyên', 'dialect': None, 'gender': None, 'age': None, 'url': 'https://sachnoiviet.net/giong-doc/thuy-uyen', 'tone': None, 'volume': None, 'speed': None, 'pitch': None}",2.5372,Damon Zahariades,https://thuviensachpdf.com/nghe-thuat-tu-choi,https://sachnoiviet.net/sach-noi/nghe-thuat-tu-choi,,,,,
8b53dad3,dam-chap-nhan,,,"{'id': '9e8aad45', 'name': 'Minh Hoàng', 'dialect': None, 'gender': None, 'age': None, 'url': 'https://sachnoiviet.net/giong-doc/minh-hoang', 'tone': None, 'volume': None, 'speed': None, 'pitch': None}",1.8889,Ernie Carwile,https://thuviensachpdf.com/dam-chap-nhan,https://sachnoiviet.net/sach-noi/dam-chap-nhan,,,,,
3ee34bc6,ai-se-đen-du-tang-le-cua-toi,,,"{'id': 'ceed1615', 'name': 'Mộc', 'dialect': None, 'gender': None, 'age': None, 'url': 'https://sachnoiviet.net/giong-doc/moc', 'tone': None, 'volume': None, 'speed': None, 'pitch': None}",2.4817,Sanghyun Kim,https://thuviensachpdf.com/ai-se-den-du-tang-le-cua-toi,https://sachnoiviet.net/sach-noi/ai-se-den-du-tang-le-cua-toi,,,,,
a1f749c9,mot-chuyen-đi-xa,,,"{'id': '1b2d490a', 'name': 'Minh Hoàng', 'dialect': None, 'gender': None, 'age': None, 'url': 'https://sachnoiviet.net/giong-doc/minh-hoang', 'tone': None, 'volume': None, 'speed': None, 'pitch': None}",1.4006,Đào Hiếu,https://thuviensachpdf.com/mot-chuyen-di-xa,https://sachnoiviet.net/sach-noi/mot-chuyen-di-xa,,,,,
825060ea,nu-sinh,,,"{'id': '4adb7523', 'name': 'Bình Nguyên', 'dialect': None, 'gender': None, 'age': None, 'url': 'https://sachnoiviet.net/giong-doc/binh-nguyen', 'tone': None, 'volume': None, 'speed': None, 'pitch': None}",2.5789,Nguyễn Nhật Ánh,https://thuviensachpdf.com/nu-sinh,https://sachnoiviet.net/sach-noi/nu-sinh,,,,,
c718c718,khong-theo-loi-mon,,,"{'id': '3cf724e9', 'name': 'Thanh Trúc', 'dialect': None, 'gender': None, 'age': None, 'url': 'https://sachnoiviet.net/giong-doc/thanh-truc', 'tone': None, 'volume': None, 'speed': None, 'pitch': None}",1.8389,Joachim De Posada,https://thuviensachpdf.com/khong-theo-loi-mon,https://sachnoiviet.net/sach-noi/khong-theo-loi-mon,,,,,
d1d1ae6c,moi-ngay-tiet-kiem-mot-gio,,,"{'id': '5a06efdc', 'name': 'Yến Anh', 'dialect': None, 'gender': None, 'age': None, 'url': 'https://sachnoiviet.net/giong-doc/yen-anh', 'tone': None, 'volume': None, 'speed': None, 'pitch': None}",2.9192,Michael Heppell,https://thuviensachpdf.com/moi-ngay-tiet-kiem-mot-gio,https://sachnoiviet.net/sach-noi/moi-ngay-tiet-kiem-mot-gio,,,,,
93510b2b,lang-nghe-đieu-binh-thuong,,,"{'id': 'beb3a8a8', 'name': 'Quang Điền', 'dialect': None, 'gender': None, 'age': None, 'url': 'https://sachnoiviet.net/giong-doc/quang-dien', 'tone': None, 'volume': None, 'speed': None, 'pitch': None}",1.7556,Nhiều Tác Giả,https://thuviensachpdf.com/lang-nghe-dieu-binh-thuong,https://sachnoiviet.net/sach-noi/lang-nghe-dieu-binh-thuong,,,,,
1276ed71,con-sau-cuoi-cung,,,"{'id': 'b28072e4', 'name': 'Đỗ Thụy', 'dialect': None, 'gender': None, 'age': None, 'url': 'https://sachnoiviet.net/giong-doc/do-thuy', 'tone': None, 'volume': None, 'speed': None, 'pitch': None}",1.44,Sơn Nam,https://thuviensachpdf.com/con-sau-cuoi-cung,https://sachnoiviet.net/sach-noi/con-sau-cuoi-cung,,,,,
28ec0bfb,huong-đen-cuoc-đoi-tuoi-đep,,,"{'id': '7aa5eaea', 'name': 'Giang MJ', 'dialect': None, 'gender': None, 'age': None, 'url': 'https://sachnoiviet.net/giong-doc/giang-mj', 'tone': None, 'volume': None, 'speed': None, 'pitch': None}",1.3228,Og Mandino,https://thuviensachpdf.com/huong-den-cuoc-doi-tuoi-dep,https://sachnoiviet.net/sach-noi/huong-den-cuoc-doi-tuoi-dep,,,,,
416fb662,lao-hac,,,"{'id': '9952028c', 'name': 'Trần Ngọc San', 'dialect': None, 'gender': None, 'age': None, 'url': 'https://sachnoiviet.net/giong-doc/tran-ngoc-san', 'tone': None, 'volume': None, 'speed': None, 'pitch': None}",0.8158,Nam Cao,https://thuviensachpdf.com/lao-hac,https://sachnoiviet.net/sach-noi/lao-hac,,,,,
ef045bd9,song-va-suy-ngam,,,"{'id': 'ea5c2366', 'name': 'Minh Hoàng', 'dialect': None, 'gender': None, 'age': None, 'url': 'https://sachnoiviet.net/giong-doc/minh-hoang', 'tone': None, 'volume': None, 'speed': None, 'pitch': None}",2.475,V. N. Kakar,https://thuviensachpdf.com/song-va-suy-ngam,https://sachnoiviet.net/sach-noi/song-va-suy-ngam,,,,,
8d41c49a,gieo-niem-tin-cuoc-song,,,"{'id': '9c6015a2', 'name': 'Thanh Trúc', 'dialect': None, 'gender': None, 'age': None, 'url': 'https://sachnoiviet.net/giong-doc/thanh-truc', 'tone': None, 'volume': None, 'speed': None, 'pitch': None}",2.5161,Nhiều Tác Giả,https://thuviensachpdf.com/gieo-niem-tin-cuoc-song,https://sachnoiviet.net/sach-noi/gieo-niem-tin-cuoc-song,,,,,
e9bcd59a,dune---xu-cat,,,"{'id': '853a1ff5', 'name': 'Trần Ngọc San', 'dialect': None, 'gender': None, 'age': None, 'url': 'https://sachnoiviet.net/giong-doc/tran-ngoc-san', 'tone': None, 'volume': None, 'speed': None, 'pitch': None}",2.4808,Frank Herbert,https://thuviensachpdf.com/dune-xu-cat,https://sachnoiviet.net/sach-noi/dune-xu-cat,,,,,
e64e4c1d,ba-chi-em-nha-ho-tong,,,"{'id': '5972af45', 'name': 'AlphaBê', 'dialect': None, 'gender': None, 'age': None, 'url': 'https://sachnoiviet.net/giong-doc/alphabe', 'tone': None, 'volume': None, 'speed': None, 'pitch': None}",2.1075,Nguyễn Vạn Lý,https://thuviensachpdf.com/ba-chi-em-nha-ho-tong,https://sachnoiviet.net/sach-noi/ba-chi-em-nha-ho-tong,,,,,
6be63894,"tu-duy-ca-map,-suy-nghi-ca-vang",,,"{'id': 'ef6068c4', 'name': 'Đọc Sách Dùm Bạn', 'dialect': None, 'gender': None, 'age': None, 'url': 'https://sachnoiviet.net/giong-doc/doc-sach-dum-ban', 'tone': None, 'volume': None, 'speed': None, 'pitch': None}",1.1417,Jon Gordon,https://thuviensachpdf.com/tu-duy-ca-map-suy-nghi-ca-vang,https://sachnoiviet.net/sach-noi/tu-duy-ca-map-suy-nghi-ca-vang,,,,,
956c42e7,can-phong-cam,,,"{'id': 'b6d8513a', 'name': 'Trái Táo', 'dialect': None, 'gender': None, 'age': None, 'url': 'https://sachnoiviet.net/giong-doc/trai-tao', 'tone': None, 'volume': None, 'speed': None, 'pitch': None}",2.5778,R. L. Stine,https://thuviensachpdf.com/can-phong-cam,https://sachnoiviet.net/sach-noi/can-phong-cam,,,,,
bab46278,đieu-binh-di-thong-thai,,,"{'id': '9fdbbc3a', 'name': 'Định Phương', 'dialect': None, 'gender': None, 'age': None, 'url': 'https://sachnoiviet.net/giong-doc/dinh-phuong', 'tone': None, 'volume': None, 'speed': None, 'pitch': None}",2.915,Nhiều Tác Giả,https://thuviensachpdf.com/dieu-binh-di-thong-thai,https://sachnoiviet.net/sach-noi/dieu-binh-di-thong-thai,,,,,
86971c94,cach-thu-hut-tien-bac,,,"{'id': '7695fd65', 'name': 'Việt Dũng', 'dialect': None, 'gender': None, 'age': None, 'url': 'https://sachnoiviet.net/giong-doc/viet-dung', 'tone': None, 'volume': None, 'speed': None, 'pitch': None}",2.2222,Joseph Murphy,https://thuviensachpdf.com/cach-thu-hut-tien-bac,https://sachnoiviet.net/sach-noi/cach-thu-hut-tien-bac,,,,,
084229d3,23-van-đe-ho-khong-noi-voi-ban-ve-chu-nghia-tu-ban,,,"{'id': 'cb43e427', 'name': 'Unknown', 'dialect': None, 'gender': None, 'age': None, 'url': 'Unknown', 'tone': None, 'volume': None, 'speed': None, 'pitch': None}",1.2556,Ha Joon Chang,https://thuviensachpdf.com/23-van-de-ho-khong-noi-voi-ban-ve-chu-nghia-tu-ban,https://sachnoiviet.net/sach-noi/23-van-de-ho-khong-noi-voi-ban-ve-chu-nghia-tu-ban,,,,,
6c4e6b60,toi-keo-xe,,,"{'id': '64767323', 'name': 'Công Tuấn', 'dialect': None, 'gender': None, 'age': None, 'url': 'https://sachnoiviet.net/giong-doc/cong-tuan', 'tone': None, 'volume': None, 'speed': None, 'pitch': None}",2.1681,Tam Lang,https://thuviensachpdf.com/toi-keo-xe,https://sachnoiviet.net/sach-noi/toi-keo-xe,,,,,
a71f8a96,chuyen-hoa-thanh-phuc,,,"{'id': '0c3eb843', 'name': 'Trần Ngọc San', 'dialect': None, 'gender': None, 'age': None, 'url': 'https://sachnoiviet.net/giong-doc/tran-ngoc-san', 'tone': None, 'volume': None, 'speed': None, 'pitch': None}",2.1431,Nguyễn Minh Tiến,https://thuviensachpdf.com/chuyen-hoa-thanh-phuc,https://sachnoiviet.net/sach-noi/chuyen-hoa-thanh-phuc,,,,,
c6c44999,chi-oi-anh-yeu-em,,,"{'id': 'c56cfb94', 'name': 'Cún', 'dialect': None, 'gender': None, 'age': None, 'url': 'https://sachnoiviet.net/giong-doc/cun', 'tone': None, 'volume': None, 'speed': None, 'pitch': None}",2.5986,Cusiu,https://thuviensachpdf.com/chi-oi-anh-yeu-em,https://sachnoiviet.net/sach-noi/chi-oi-anh-yeu-em,,,,,
1152f2af,luc-van-tien,,,"{'id': '144ccc38', 'name': 'Bình Nguyên', 'dialect': None, 'gender': None, 'age': None, 'url': 'https://sachnoiviet.net/giong-doc/binh-nguyen', 'tone': None, 'volume': None, 'speed': None, 'pitch': None}",2.695,Nguyễn Đình Chiểu,https://thuviensachpdf.com/luc-van-tien,https://sachnoiviet.net/sach-noi/luc-van-tien,,,,,
4251e924,chua-lanh-bang-tam-thuc,,,"{'id': '5ed290ab', 'name': 'Liên Xuyến', 'dialect': None, 'gender': None, 'age': None, 'url': 'https://sachnoiviet.net/giong-doc/lien-xuyen', 'tone': None, 'volume': None, 'speed': None, 'pitch': None}",2.6861,Newton Kondaveti,https://thuviensachpdf.com/chua-lanh-bang-tam-thuc,https://sachnoiviet.net/sach-noi/chua-lanh-bang-tam-thuc,,,,,
f858a17a,"minh-la-nang,-viec-cua-minh-la-choi-chang",,,"{'id': '21ad224a', 'name': 'Phương Thảo', 'dialect': None, 'gender': None, 'age': None, 'url': 'https://sachnoiviet.net/giong-doc/phuong-thao', 'tone': None, 'volume': None, 'speed': None, 'pitch': None}",1.0956,Kazuko Watanabe,https://thuviensachpdf.com/minh-la-nang-viec-cua-minh-la-choi-chang,https://sachnoiviet.net/sach-noi/minh-la-nang-viec-cua-minh-la-choi-chang,,,,,
0f4117b9,bi-mat-cua-phan-thien-an,,,"{'id': 'e1798081', 'name': 'Lê Yến', 'dialect': None, 'gender': None, 'age': None, 'url': 'https://sachnoiviet.net/giong-doc/le-yen', 'tone': None, 'volume': None, 'speed': None, 'pitch': None}",2.5192,Alan Phan,https://thuviensachpdf.com/bi-mat-cua-phan-thien-an,https://sachnoiviet.net/sach-noi/bi-mat-cua-phan-thien-an,,,,,
8dcdaf78,10-đieu-khac-biet-nhat-giua-ke-giau-va-nguoi-ngheo,,,"{'id': 'f1a13983', 'name': 'Trần Huỳnh Phương Trang', 'dialect': None, 'gender': None, 'age': None, 'url': 'https://sachnoiviet.net/giong-doc/tran-huy-phuong-trang', 'tone': None, 'volume': None, 'speed': None, 'pitch': None}",2.0014,Keith Cameron Smith,https://thuviensachpdf.com/10-dieu-khac-biet-nhat-giua-ke-giau-va-nguoi-ngheo,https://sachnoiviet.net/sach-noi/10-dieu-khac-biet-nhat-giua-ke-giau-va-nguoi-ngheo,,,,,
0cbfbee7,yeu-nhung-đieu-khong-hoan-hao,,,"{'id': '1ea41300', 'name': 'Bình Nguyên', 'dialect': None, 'gender': None, 'age': None, 'url': 'https://sachnoiviet.net/giong-doc/binh-nguyen', 'tone': None, 'volume': None, 'speed': None, 'pitch': None}",1.4583,Hae Min,https://thuviensachpdf.com/yeu-nhung-dieu-khong-hoan-hao,https://sachnoiviet.net/sach-noi/yeu-nhung-dieu-khong-hoan-hao,,,,,
b79ab4be,cuoc-đoi-ky-la-cua-nikola-tesla,,,"{'id': '27c67c39', 'name': 'Nguyên', 'dialect': None, 'gender': None, 'age': None, 'url': 'https://sachnoiviet.net/giong-doc/nguyen', 'tone': None, 'volume': None, 'speed': None, 'pitch': None}",2.4722,Nikola Tesla,https://thuviensachpdf.com/cuoc-doi-ky-la-cua-nikola-tesla,https://sachnoiviet.net/sach-noi/cuoc-doi-ky-la-cua-nikola-tesla,,,,,
1369f322,thay-chung-trung-so,,,"{'id': '389a9784', 'name': 'Hồng Trinh', 'dialect': None, 'gender': None, 'age': None, 'url': 'https://sachnoiviet.net/giong-doc/hong-trinh', 'tone': None, 'volume': None, 'speed': None, 'pitch': None}",1.4375,Hồ Biểu Chánh,https://thuviensachpdf.com/thay-chung-trung-so,https://sachnoiviet.net/sach-noi/thay-chung-trung-so,,,,,
96c0dcfe,ren-nghi-luc-đe-lap-than,,,"{'id': '095654a2', 'name': 'Minh Hoàng', 'dialect': None, 'gender': None, 'age': None, 'url': 'https://sachnoiviet.net/giong-doc/minh-hoang', 'tone': None, 'volume': None, 'speed': None, 'pitch': None}",2.1914,Nguyễn Hiến Lê,https://thuviensachpdf.com/ren-nghi-luc-de-lap-than,https://sachnoiviet.net/sach-noi/ren-nghi-luc-de-lap-than,,,,,
