id,name,text_path,audio_path,narrator,duration,author,text_url,audio_url,alignment_path,sample_rate,quality,word_count,num_sentences,audio_size,text_size
096cd646,ai-vao-đia-nguc,,,"{'id': '24b802b5', 'name': 'Thanh Cúc', 'dialect': None, 'gender': None, 'age': None, 'url': 'https://sachnoiviet.net/giong-doc/thanh-cuc', 'tone': None, 'volume': None, 'speed': None, 'pitch': None}",3.1058,Nguyên Minh,https://thuviensachpdf.com/ai-vao-dia-nguc,https://sachnoiviet.net/sach-noi/ai-vao-dia-nguc,,,,,,,
17827b68,khong-gioi-han--kham-pha-hooponopono,,,"{'id': '87f08902', 'name': 'Kim Quỳnh', 'dialect': None, 'gender': None, 'age': None, 'url': 'https://sachnoiviet.net/giong-doc/kim-quynh', 'tone': None, 'volume': None, 'speed': None, 'pitch': None}",3.4508,Joe Vitale,https://thuviensachpdf.com/khong-gioi-han-kham-pha-hooponopono,https://sachnoiviet.net/sach-noi/khong-gioi-han-kham-pha-hooponopono,,,,,,,
0c811a74,ganh-hang-hoa,,,"{'id': 'e425ac52', 'name': 'MC Thu Trang', 'dialect': None, 'gender': None, 'age': None, 'url': 'https://sachnoiviet.net/giong-doc/mc-thu-trang', 'tone': None, 'volume': None, 'speed': None, 'pitch': None}",4.8483,Nhất Linh,https://thuviensachpdf.com/ganh-hang-hoa,https://sachnoiviet.net/sach-noi/ganh-hang-hoa,,,,,,,
d7bc4f64,sen-no-chon-tu-tu,,,"{'id': '3f4af82d', 'name': 'Hướng Dương', 'dialect': None, 'gender': None, 'age': None, 'url': 'https://sachnoiviet.net/giong-doc/huong-duong', 'tone': None, 'volume': None, 'speed': None, 'pitch': None}",3.4244,Thích Nữ Giới Hương,https://thuviensachpdf.com/sen-no-chon-tu-tu,https://sachnoiviet.net/sach-noi/sen-no-chon-tu-tu,,,,,,,
22315eda,7-chien-luoc-thinh-vuong-va-hanh-phuc,,,"{'id': '8976be76', 'name': 'Quang Tâm', 'dialect': None, 'gender': None, 'age': None, 'url': 'https://sachnoiviet.net/giong-doc/quang-tam', 'tone': None, 'volume': None, 'speed': None, 'pitch': None}",3.3225,Jim Rohn,https://thuviensachpdf.com/7-chien-luoc-thinh-vuong-va-hanh-phuc,https://sachnoiviet.net/sach-noi/7-chien-luoc-thinh-vuong-va-hanh-phuc,,,,,,,
18351fd3,42-nam-lam-an-tai-my-va-trung-quoc,,,"{'id': 'dfa3f667', 'name': 'Nhã Trâm', 'dialect': None, 'gender': None, 'age': None, 'url': 'https://sachnoiviet.net/giong-doc/nha-tram', 'tone': None, 'volume': None, 'speed': None, 'pitch': None}",4.8392,Alan Phan,https://thuviensachpdf.com/42-nam-lam-an-tai-my-va-trung-quoc,https://sachnoiviet.net/sach-noi/42-nam-lam-an-tai-my-va-trung-quoc,,,,,,,
e8aebc28,mio-con-trai-ta,,,"{'id': '918e8bfd', 'name': 'Ngọc Hiếu', 'dialect': None, 'gender': None, 'age': None, 'url': 'https://sachnoiviet.net/giong-doc/ngoc-hieu', 'tone': None, 'volume': None, 'speed': None, 'pitch': None}",3.6497,Astrid Lindgren,https://thuviensachpdf.com/mio-con-trai-ta,https://sachnoiviet.net/sach-noi/mio-con-trai-ta,,,,,,,
016e33bb,luc-xi,,,"{'id': '68daa7f0', 'name': 'Lê Duyên', 'dialect': None, 'gender': None, 'age': None, 'url': 'https://sachnoiviet.net/giong-doc/le-duyen', 'tone': None, 'volume': None, 'speed': None, 'pitch': None}",4.2125,Vũ Trọng Phụng,https://thuviensachpdf.com/lu%cc%a3c-xi,https://sachnoiviet.net/sach-noi/lu%cc%a3c-xi,,,,,,,
a2639fc5,gatsby-vi-đai,,,"{'id': '73fc2e65', 'name': 'Bookaholic', 'dialect': None, 'gender': None, 'age': None, 'url': 'https://sachnoiviet.net/giong-doc/bookaholic', 'tone': None, 'volume': None, 'speed': None, 'pitch': None}",4.6119,F Scott Fitzgerald,https://thuviensachpdf.com/gatsby-vi-dai,https://sachnoiviet.net/sach-noi/gatsby-vi-dai,,,,,,,
c7a4284d,hon-đao-ca-heo-xanh,,,"{'id': '48ee5608', 'name': 'Tường Vy', 'dialect': None, 'gender': None, 'age': None, 'url': 'https://sachnoiviet.net/giong-doc/tuong-vy', 'tone': None, 'volume': None, 'speed': None, 'pitch': None}",4.1056,Scott O Dell,https://thuviensachpdf.com/hon-dao-ca-heo-xanh,https://sachnoiviet.net/sach-noi/hon-dao-ca-heo-xanh,,,,,,,
3ea7983d,tu-ngay-mai-hay-lam-nguoi-hanh-phuc,,,"{'id': 'daaf7ad4', 'name': 'Mộc', 'dialect': None, 'gender': None, 'age': None, 'url': 'https://sachnoiviet.net/giong-doc/moc', 'tone': None, 'volume': None, 'speed': None, 'pitch': None}",4.9567,Toái Toái,https://thuviensachpdf.com/tu-ngay-mai-hay-lam-nguoi-hanh-phuc,https://sachnoiviet.net/sach-noi/tu-ngay-mai-hay-lam-nguoi-hanh-phuc,,,,,,,
aac13164,tam-buong-bo-đoi-binh-an,,,"{'id': '7f051840', 'name': 'Mộc', 'dialect': None, 'gender': None, 'age': None, 'url': 'https://sachnoiviet.net/giong-doc/moc', 'tone': None, 'volume': None, 'speed': None, 'pitch': None}",3.9569,Natori Hougen,https://thuviensachpdf.com/tam-buong-bo-doi-binh-an,https://sachnoiviet.net/sach-noi/tam-buong-bo-doi-binh-an,,,,,,,
2403a515,xu-so-cua-nhung-nguoi-ngap,,,"{'id': '7c204a1c', 'name': 'Bá Trung', 'dialect': None, 'gender': None, 'age': None, 'url': 'https://sachnoiviet.net/giong-doc/ba-trung', 'tone': None, 'volume': None, 'speed': None, 'pitch': None}",4.4233,Azit Nexin,https://thuviensachpdf.com/xu-so-cua-nhung-nguoi-ngap,https://sachnoiviet.net/sach-noi/xu-so-cua-nhung-nguoi-ngap,,,,,,,
be758f56,danh-nhan-cach-mang-viet-nam,,,"{'id': 'ae8ac415', 'name': 'Nguyễn Thị Xuân', 'dialect': None, 'gender': None, 'age': None, 'url': 'https://sachnoiviet.net/giong-doc/nguye%cc%83n-thi%cc%a3-xuan', 'tone': None, 'volume': None, 'speed': None, 'pitch': None}",3.6361,Lê Minh Quốc,https://thuviensachpdf.com/danh-nhan-cach-mang-viet-nam,https://sachnoiviet.net/sach-noi/danh-nhan-cach-mang-viet-nam,,,,,,,
a4c27ab9,hau-van-rat-đat-xin-đung-lang-phi,,,"{'id': '4a1dd189', 'name': 'Mộc', 'dialect': None, 'gender': None, 'age': None, 'url': 'https://sachnoiviet.net/giong-doc/moc', 'tone': None, 'volume': None, 'speed': None, 'pitch': None}",4.4328,Mèo Mavarick,https://thuviensachpdf.com/hau-van-rat-dat-xin-dung-lang-phi,https://sachnoiviet.net/sach-noi/hau-van-rat-dat-xin-dung-lang-phi,,,,,,,
f5d658bd,nhung-nguoi-giam-ho,,,"{'id': 'f239c187', 'name': 'Vũ Trụ Nguyên Thủy', 'dialect': None, 'gender': None, 'age': None, 'url': 'https://sachnoiviet.net/giong-doc/vu-tru-nguyen-thuy', 'tone': None, 'volume': None, 'speed': None, 'pitch': None}",4.5733,Dolores Cannon,https://thuviensachpdf.com/nhung-nguoi-giam-ho,https://sachnoiviet.net/sach-noi/nhung-nguoi-giam-ho,,,,,,,
ccd7de97,nguoi-đuc-day-con-hoc-cac-quy-tac,,,"{'id': '8c6e52d0', 'name': 'Lê Yến', 'dialect': None, 'gender': None, 'age': None, 'url': 'https://sachnoiviet.net/giong-doc/le-yen', 'tone': None, 'volume': None, 'speed': None, 'pitch': None}",4.1989,Annette Kast-Zahn,https://thuviensachpdf.com/nguoi-duc-day-con-hoc-cac-quy-tac,https://sachnoiviet.net/sach-noi/nguoi-duc-day-con-hoc-cac-quy-tac,,,,,,,
69806fab,thu-toi,,,"{'id': '833a191e', 'name': 'Bookaholic', 'dialect': None, 'gender': None, 'age': None, 'url': 'https://sachnoiviet.net/giong-doc/bookaholic', 'tone': None, 'volume': None, 'speed': None, 'pitch': None}",4.7556,Minato Kanae,https://thuviensachpdf.com/thu-toi,https://sachnoiviet.net/sach-noi/thu-toi,,,,,,,
dc93bbec,hai-tuong-hat-boi,,,"{'id': 'e57fc60a', 'name': 'Thủy Tiên', 'dialect': None, 'gender': None, 'age': None, 'url': 'https://sachnoiviet.net/giong-doc/thuy-tien', 'tone': None, 'volume': None, 'speed': None, 'pitch': None}",3.4211,Vũ Đức Sao Biển,https://thuviensachpdf.com/hai-tuong-hat-boi,https://sachnoiviet.net/sach-noi/hai-tuong-hat-boi,,,,,,,
7f432901,suc-manh-cua-viec-đat-cau-hoi-đung,,,"{'id': '28ab0275', 'name': 'Nguyễn Phước Hải', 'dialect': None, 'gender': None, 'age': None, 'url': 'https://sachnoiviet.net/giong-doc/nguyen-phuoc-hai', 'tone': None, 'volume': None, 'speed': None, 'pitch': None}",3.6611,Mihiro Matsuda,https://thuviensachpdf.com/suc-manh-cua-viec-dat-cau-hoi-dung,https://sachnoiviet.net/sach-noi/suc-manh-cua-viec-dat-cau-hoi-dung,,,,,,,
8e2037d6,bong-bong-len-troi,,,"{'id': '2a860c5f', 'name': 'Nguyễn Nguyễn', 'dialect': None, 'gender': None, 'age': None, 'url': 'https://sachnoiviet.net/giong-doc/nguyen-nguyen', 'tone': None, 'volume': None, 'speed': None, 'pitch': None}",3.68,Nguyễn Nhật Ánh,https://thuviensachpdf.com/bong-bong-len-troi,https://sachnoiviet.net/sach-noi/bong-bong-len-troi,,,,,,,
3df9130b,ban-co-mot-thu-moi-chua-đoc,,,"{'id': 'bba4408e', 'name': 'Mộc', 'dialect': None, 'gender': None, 'age': None, 'url': 'https://sachnoiviet.net/giong-doc/moc', 'tone': None, 'volume': None, 'speed': None, 'pitch': None}",3.2161,Trương Hạo Thần,https://thuviensachpdf.com/ban-co-mot-thu-moi-chua-doc,https://sachnoiviet.net/sach-noi/ban-co-mot-thu-moi-chua-doc,,,,,,,
00858028,bo-me-khong-nen-noi-gi-voi-con-cai,,,"{'id': 'f5bbf05e', 'name': 'Unknown', 'dialect': None, 'gender': None, 'age': None, 'url': 'Unknown', 'tone': None, 'volume': None, 'speed': None, 'pitch': None}",4.0875,Trương Kiến Lệ,https://thuviensachpdf.com/bo-me-khong-nen-noi-gi-voi-con-cai,https://sachnoiviet.net/sach-noi/bo-me-khong-nen-noi-gi-voi-con-cai,,,,,,,
73a73e35,100-y-tuong-ban-hang-hay-nhat-moi-thoi-đai,,,"{'id': 'c09c73c8', 'name': 'Bà Già Đọc Sách', 'dialect': None, 'gender': None, 'age': None, 'url': 'https://sachnoiviet.net/giong-doc/ba-gia-doc-sach', 'tone': None, 'volume': None, 'speed': None, 'pitch': None}",4.1975,Ken Langdon,https://thuviensachpdf.com/100-y-tuong-ban-hang-hay-nhat-moi-thoi-dai,https://sachnoiviet.net/sach-noi/100-y-tuong-ban-hang-hay-nhat-moi-thoi-dai,,,,,,,
45b06986,chiec-la-cuoi-cung,,,"{'id': 'd7a1fdb0', 'name': 'Phương Minh', 'dialect': None, 'gender': None, 'age': None, 'url': 'https://sachnoiviet.net/giong-doc/phuong-minh', 'tone': None, 'volume': None, 'speed': None, 'pitch': None}",4.0872,O Henry,https://thuviensachpdf.com/chiec-la-cuoi-cung,https://sachnoiviet.net/sach-noi/chiec-la-cuoi-cung,,,,,,,
76ca08ee,nguoi-đuc-day-con-tu-kiem-soat-ban-than,,,"{'id': 'a7d3d5bf', 'name': 'Unknown', 'dialect': None, 'gender': None, 'age': None, 'url': 'Unknown', 'tone': None, 'volume': None, 'speed': None, 'pitch': None}",4.1389,Annette Kast-Zahn,https://thuviensachpdf.com/nguoi-duc-day-con-tu-kiem-soat-ban-than,https://sachnoiviet.net/sach-noi/nguoi-duc-day-con-tu-kiem-soat-ban-than,,,,,,,
aecbf3a0,vo-gia-chong-tre,,,"{'id': 'd0acf585', 'name': 'Quỳnh Như', 'dialect': None, 'gender': None, 'age': None, 'url': 'https://sachnoiviet.net/giong-doc/quynh-nhu', 'tone': None, 'volume': None, 'speed': None, 'pitch': None}",3.9919,Hồ Biểu Chánh,https://thuviensachpdf.com/vo-gia-chong-tre,https://sachnoiviet.net/sach-noi/vo-gia-chong-tre,,,,,,,
16c8cfd9,an-theo-thuo-o-theo-thoi,,,"{'id': '9ea73c3f', 'name': 'Phạm Hùng', 'dialect': None, 'gender': None, 'age': None, 'url': 'https://sachnoiviet.net/giong-doc/pham-hung', 'tone': None, 'volume': None, 'speed': None, 'pitch': None}",3.8294,Hồ Biểu Chánh,https://thuviensachpdf.com/an-theo-thuo-o-theo-thoi,https://sachnoiviet.net/sach-noi/an-theo-thuo-o-theo-thoi,,,,,,,
adf92fbd,cam-tu-my-nhan,,,"{'id': '3df04786', 'name': 'Tuệ Nhi', 'dialect': None, 'gender': None, 'age': None, 'url': 'https://sachnoiviet.net/giong-doc/tue-nhi', 'tone': None, 'volume': None, 'speed': None, 'pitch': None}",4.8392,Điền Tiểu Điền,https://thuviensachpdf.com/cam-tu-my-nhan,https://sachnoiviet.net/sach-noi/cam-tu-my-nhan,,,,,,,
466d008f,lam-ban-voi-bau-troi,,,"{'id': '9d8edd88', 'name': 'Lê Lệ Hằng', 'dialect': None, 'gender': None, 'age': None, 'url': 'https://sachnoiviet.net/giong-doc/le-le-hang', 'tone': None, 'volume': None, 'speed': None, 'pitch': None}",3.4175,Nguyễn Nhật Ánh,https://thuviensachpdf.com/lam-ban-voi-bau-troi,https://sachnoiviet.net/sach-noi/lam-ban-voi-bau-troi,,,,,,,
5830d2d2,yeu-thuong-khong-cam-đoan,,,"{'id': 'accb5756', 'name': 'Unknown', 'dialect': None, 'gender': None, 'age': None, 'url': 'Unknown', 'tone': None, 'volume': None, 'speed': None, 'pitch': None}",4.1819,Ohmae Kenichi,https://thuviensachpdf.com/yeu-thuong-khong-cam-doan,https://sachnoiviet.net/sach-noi/yeu-thuong-khong-cam-doan,,,,,,,
f089d8a4,nhat-ky-son-moi,,,"{'id': 'b26964b5', 'name': 'MC Thu Trang', 'dialect': None, 'gender': None, 'age': None, 'url': 'https://sachnoiviet.net/giong-doc/mc-thu-trang', 'tone': None, 'volume': None, 'speed': None, 'pitch': None}",3.6708,Gào,https://thuviensachpdf.com/nhat-ky-son-moi,https://sachnoiviet.net/sach-noi/nhat-ky-son-moi,,,,,,,
ca748c76,hon-nhan-chan-kinh,,,"{'id': '07a74627', 'name': 'The Rose', 'dialect': None, 'gender': None, 'age': None, 'url': 'https://sachnoiviet.net/giong-doc/the-rose', 'tone': None, 'volume': None, 'speed': None, 'pitch': None}",3.6047,Gary Chapman,https://thuviensachpdf.com/hon-nhan-chan-kinh,https://sachnoiviet.net/sach-noi/hon-nhan-chan-kinh,,,,,,,
ca39cde1,vu-am-sat-ong-roger-ackroyd,,,"{'id': 'bc4fe401', 'name': 'Ngọc Như', 'dialect': None, 'gender': None, 'age': None, 'url': 'https://sachnoiviet.net/giong-doc/ngoc-nhu', 'tone': None, 'volume': None, 'speed': None, 'pitch': None}",3.5589,Agatha Christie,https://thuviensachpdf.com/vu-am-sat-ong-roger-ackroyd,https://sachnoiviet.net/sach-noi/vu-am-sat-ong-roger-ackroyd,,,,,,,
8cadc235,te-đien-hoa-thuong,,,"{'id': 'abbb7a59', 'name': 'Tịnh Khẩu', 'dialect': None, 'gender': None, 'age': None, 'url': 'https://sachnoiviet.net/giong-doc/tinh-khau', 'tone': None, 'volume': None, 'speed': None, 'pitch': None}",4.3839,Khánh Văn,https://thuviensachpdf.com/te-dien-hoa-thuong,https://sachnoiviet.net/sach-noi/te-dien-hoa-thuong,,,,,,,
1a012370,truyen-ngan--binh-nguyen-loc,,,"{'id': '84cb7f24', 'name': 'Hồng Trinh', 'dialect': None, 'gender': None, 'age': None, 'url': 'https://sachnoiviet.net/giong-doc/hong-trinh', 'tone': None, 'volume': None, 'speed': None, 'pitch': None}",4.6256,Bình Nguyên Lộc,https://thuviensachpdf.com/truyen-ngan-binh-nguyen-loc,https://sachnoiviet.net/sach-noi/truyen-ngan-binh-nguyen-loc,,,,,,,
0ff3373e,khi-nguoi-ta-đoi-muoi,,,"{'id': '34dca15c', 'name': 'Hoàng Anh', 'dialect': None, 'gender': None, 'age': None, 'url': 'https://sachnoiviet.net/giong-doc/hoang-anh', 'tone': None, 'volume': None, 'speed': None, 'pitch': None}",3.445,Hiên,https://thuviensachpdf.com/khi-nguoi-ta-doi-muoi,https://sachnoiviet.net/sach-noi/khi-nguoi-ta-doi-muoi,,,,,,,
57fc5311,cam-bay-nguoi,,,"{'id': 'e3fb0463', 'name': 'Hồng Trinh', 'dialect': None, 'gender': None, 'age': None, 'url': 'https://sachnoiviet.net/giong-doc/hong-trinh', 'tone': None, 'volume': None, 'speed': None, 'pitch': None}",4.1678,Vũ Trọng Phụng,https://thuviensachpdf.com/cam-bay-nguoi,https://sachnoiviet.net/sach-noi/cam-bay-nguoi,,,,,,,
28b955d7,im-lang,,,"{'id': '876d214f', 'name': 'Tiểu Yết', 'dialect': None, 'gender': None, 'age': None, 'url': 'https://sachnoiviet.net/giong-doc/tieu-yet', 'tone': None, 'volume': None, 'speed': None, 'pitch': None}",4.9892,Susan Cain,https://thuviensachpdf.com/im-lang,https://sachnoiviet.net/sach-noi/im-lang,,,,,,,
ab6db8f0,uoc-mo-cua-ban-nhat-đinh-thanh-hien-thuc,,,"{'id': '014f792c', 'name': 'Trương Thị Đệ', 'dialect': None, 'gender': None, 'age': None, 'url': 'https://sachnoiviet.net/giong-doc/truong-thi-de', 'tone': None, 'volume': None, 'speed': None, 'pitch': None}",4.2389,Inamori Kazu,https://thuviensachpdf.com/uoc-mo-cua-ban-nhat-dinh-thanh-hien-thuc,https://sachnoiviet.net/sach-noi/uoc-mo-cua-ban-nhat-dinh-thanh-hien-thuc,,,,,,,
be0c518e,bai-tho-kinh-di,,,"{'id': '0acc72f1', 'name': 'Đông Quân', 'dialect': None, 'gender': None, 'age': None, 'url': 'https://sachnoiviet.net/giong-doc/dong-quan', 'tone': None, 'volume': None, 'speed': None, 'pitch': None}",4.6058,Nam Quân,https://thuviensachpdf.com/bai-tho-kinh-di,https://sachnoiviet.net/sach-noi/bai-tho-kinh-di,,,,,,,
983f3598,khi-ta-thay-đoi-the-gioi-se-đoi-thay,,,"{'id': '4911d286', 'name': 'Đức Trọng', 'dialect': None, 'gender': None, 'age': None, 'url': 'https://sachnoiviet.net/giong-doc/duc-trong', 'tone': None, 'volume': None, 'speed': None, 'pitch': None}",3.3611,Karen Casey,https://thuviensachpdf.com/khi-ta-thay-doi-the-gioi-se-doi-thay,https://sachnoiviet.net/sach-noi/khi-ta-thay-doi-the-gioi-se-doi-thay,,,,,,,
cb0b8b66,loi-moi-ngay-đuoc-mot-gio,,,"{'id': '7c43351d', 'name': 'Sách Hay Bizbook', 'dialect': None, 'gender': None, 'age': None, 'url': 'https://sachnoiviet.net/giong-doc/sach-hay-bizbook', 'tone': None, 'volume': None, 'speed': None, 'pitch': None}",3.04,Nguyễn Hiến Lê,https://thuviensachpdf.com/loi-moi-ngay-duoc-mot-gio,https://sachnoiviet.net/sach-noi/loi-moi-ngay-duoc-mot-gio,,,,,,,
419c66c0,sang-tao--bung-chay-suc-manh-ben-trong,,,"{'id': '4750136e', 'name': 'Thi Lê', 'dialect': None, 'gender': None, 'age': None, 'url': 'https://sachnoiviet.net/giong-doc/thi-le', 'tone': None, 'volume': None, 'speed': None, 'pitch': None}",4.7422,Osho,https://thuviensachpdf.com/sang-tao-bung-chay-suc-manh-ben-trong,https://sachnoiviet.net/sach-noi/sang-tao-bung-chay-suc-manh-ben-trong,,,,,,,
db15e179,bi-mat-cua-vua-solomon,,,"{'id': '2363060e', 'name': 'Thùy Duyên', 'dialect': None, 'gender': None, 'age': None, 'url': 'https://sachnoiviet.net/giong-doc/thuy-duyen', 'tone': None, 'volume': None, 'speed': None, 'pitch': None}",4.3306,Bruce Fleet - Alton Gansky,https://thuviensachpdf.com/bi-mat-cua-vua-solomon,https://sachnoiviet.net/sach-noi/bi-mat-cua-vua-solomon,,,,,,,
fef0aa19,seu-đau-mua,,,"{'id': '2ab293f7', 'name': 'MC Thu Trang', 'dialect': None, 'gender': None, 'age': None, 'url': 'https://sachnoiviet.net/giong-doc/mc-thu-trang', 'tone': None, 'volume': None, 'speed': None, 'pitch': None}",4.6056,Chinghiz Aitmatov,https://thuviensachpdf.com/seu-dau-mua,https://sachnoiviet.net/sach-noi/seu-dau-mua,,,,,,,
9433bdea,nhung-đua-tre-mac-zich,,,"{'id': '1526f196', 'name': 'Vân An', 'dialect': None, 'gender': None, 'age': None, 'url': 'https://sachnoiviet.net/giong-doc/van-an', 'tone': None, 'volume': None, 'speed': None, 'pitch': None}",4.9722,Trần Nhã Thụy,https://thuviensachpdf.com/nhung-dua-tre-mac-zich,https://sachnoiviet.net/sach-noi/nhung-dua-tre-mac-zich,,,,,,,
846b3905,chuyen-tinh-qua-nhieu-kiep-luan-hoi,,,"{'id': '8da509dc', 'name': 'Lâm Thanh Toàn', 'dialect': None, 'gender': None, 'age': None, 'url': 'https://sachnoiviet.net/giong-doc/lam-thanh-toan', 'tone': None, 'volume': None, 'speed': None, 'pitch': None}",4.1219,Brian L. Weiss,https://thuviensachpdf.com/chuyen-tinh-qua-nhieu-kiep-luan-hoi,https://sachnoiviet.net/sach-noi/chuyen-tinh-qua-nhieu-kiep-luan-hoi,,,,,,,
fef78883,khong-tu-tinh-hoa,,,"{'id': '36ff0552', 'name': 'Minh Hoàng', 'dialect': None, 'gender': None, 'age': None, 'url': 'https://sachnoiviet.net/giong-doc/minh-hoang', 'tone': None, 'volume': None, 'speed': None, 'pitch': None}",3.2397,Yu Dan,https://thuviensachpdf.com/khong-tu-tinh-hoa,https://sachnoiviet.net/sach-noi/khong-tu-tinh-hoa,,,,,,,
6880464c,toc-đo-cua-niem-tin,,,"{'id': '0524ff0c', 'name': 'Vân An', 'dialect': None, 'gender': None, 'age': None, 'url': 'https://sachnoiviet.net/giong-doc/van-an', 'tone': None, 'volume': None, 'speed': None, 'pitch': None}",3.6033,Stephen R. Covey,https://thuviensachpdf.com/toc-do-cua-niem-tin,https://sachnoiviet.net/sach-noi/toc-do-cua-niem-tin,,,,,,,
c0fdbc9c,than-ho,,,"{'id': 'a49b7723', 'name': 'Nguyễn Đình Khánh', 'dialect': None, 'gender': None, 'age': None, 'url': 'https://sachnoiviet.net/giong-doc/nguyen-dinh-khanh', 'tone': None, 'volume': None, 'speed': None, 'pitch': None}",3.7908,Tchya,https://thuviensachpdf.com/than-ho,https://sachnoiviet.net/sach-noi/than-ho,,,,,,,
b3b32cf3,ngoi-truong-moi-khi,,,"{'id': '14aad27d', 'name': 'Nguyễn Nguyễn', 'dialect': None, 'gender': None, 'age': None, 'url': 'https://sachnoiviet.net/giong-doc/nguyen-nguyen', 'tone': None, 'volume': None, 'speed': None, 'pitch': None}",3.7861,Nguyễn Nhật Ánh,https://thuviensachpdf.com/ngoi-truong-moi-khi,https://sachnoiviet.net/sach-noi/ngoi-truong-moi-khi,,,,,,,
c65eb158,tro-ve-tu-coi-sang,,,"{'id': '16aec437', 'name': 'Bình Nguyên', 'dialect': None, 'gender': None, 'age': None, 'url': 'https://sachnoiviet.net/giong-doc/binh-nguyen', 'tone': None, 'volume': None, 'speed': None, 'pitch': None}",3.9475,Nguyên Phong,https://thuviensachpdf.com/tro-ve-tu-coi-sang,https://sachnoiviet.net/sach-noi/tro-ve-tu-coi-sang,,,,,,,
40702874,trong-đong-tuyet-son,,,"{'id': '26f2b790', 'name': 'Phương Minh', 'dialect': None, 'gender': None, 'age': None, 'url': 'https://sachnoiviet.net/giong-doc/phuong-minh', 'tone': None, 'volume': None, 'speed': None, 'pitch': None}",3.1008,Vicki Mackenzie,https://thuviensachpdf.com/trong-dong-tuyet-son,https://sachnoiviet.net/sach-noi/trong-dong-tuyet-son,,,,,,,
a625b282,đi-tim-le-song,,,"{'id': 'b6eff26f', 'name': 'Lê Yến', 'dialect': None, 'gender': None, 'age': None, 'url': 'https://sachnoiviet.net/giong-doc/le-yen', 'tone': None, 'volume': None, 'speed': None, 'pitch': None}",4.7525,Viktor E. Frankl,https://thuviensachpdf.com/di-tim-le-song,https://sachnoiviet.net/sach-noi/di-tim-le-song,,,,,,,
dc688655,song-thien,,,"{'id': '255d70d0', 'name': 'Trường Tân', 'dialect': None, 'gender': None, 'age': None, 'url': 'https://sachnoiviet.net/giong-doc/truong-tan', 'tone': None, 'volume': None, 'speed': None, 'pitch': None}",3.1431,Nguyên Minh,https://thuviensachpdf.com/song-thien,https://sachnoiviet.net/sach-noi/song-thien,,,,,,,
80dde268,nho,,,"{'id': '1cd36e2a', 'name': 'Thủy Tiên', 'dialect': None, 'gender': None, 'age': None, 'url': 'https://sachnoiviet.net/giong-doc/thuy-tien', 'tone': None, 'volume': None, 'speed': None, 'pitch': None}",4.2228,Phạm Duy,https://thuviensachpdf.com/nho,https://sachnoiviet.net/sach-noi/nho,,,,,,,
b2510e38,nhung-co-em-gai,,,"{'id': '5b118af6', 'name': 'Nguyễn Nguyễn', 'dialect': None, 'gender': None, 'age': None, 'url': 'https://sachnoiviet.net/giong-doc/nguyen-nguyen', 'tone': None, 'volume': None, 'speed': None, 'pitch': None}",3.7633,Nguyễn Nhật Ánh,https://thuviensachpdf.com/nhung-co-em-gai,https://sachnoiviet.net/sach-noi/nhung-co-em-gai,,,,,,,
6fa609e7,nguoi-đuc-day-con-tren-ban-an,,,"{'id': '4adfe0f5', 'name': 'Unknown', 'dialect': None, 'gender': None, 'age': None, 'url': 'Unknown', 'tone': None, 'volume': None, 'speed': None, 'pitch': None}",4.6767,Annette Kast-Zahn,https://thuviensachpdf.com/nguoi-duc-day-con-tren-ban-an,https://sachnoiviet.net/sach-noi/nguoi-duc-day-con-tren-ban-an,,,,,,,
ada2137c,nguoi-dam-cho-đi,,,"{'id': '2d1b9038', 'name': 'Trần Diệu Lan', 'dialect': None, 'gender': None, 'age': None, 'url': 'https://sachnoiviet.net/giong-doc/tran-dieu-lan', 'tone': None, 'volume': None, 'speed': None, 'pitch': None}",3.0094,Bob Burg,https://thuviensachpdf.com/nguoi-dam-cho-di,https://sachnoiviet.net/sach-noi/nguoi-dam-cho-di,,,,,,,
271a1a49,cu-hich,,,"{'id': '6f801e95', 'name': 'Unknown', 'dialect': None, 'gender': None, 'age': None, 'url': 'Unknown', 'tone': None, 'volume': None, 'speed': None, 'pitch': None}",4.3431,Richard H. Thaler,https://thuviensachpdf.com/cu-hich,https://sachnoiviet.net/sach-noi/cu-hich,,,,,,,
0f9f8ffb,nha-tu-nhien-kinh-te,,,"{'id': 'ad381f57', 'name': 'Trần Diệu Lan', 'dialect': None, 'gender': None, 'age': None, 'url': 'https://sachnoiviet.net/giong-doc/tran-dieu-lan', 'tone': None, 'volume': None, 'speed': None, 'pitch': None}",4.8389,Robert H. Frank,https://thuviensachpdf.com/nha-tu-nhien-kinh-te,https://sachnoiviet.net/sach-noi/nha-tu-nhien-kinh-te,,,,,,,
9e301b22,nhung-chiec-cau-o-quan-madison,,,"{'id': 'fc2b20f8', 'name': 'Hà Diễm', 'dialect': None, 'gender': None, 'age': None, 'url': 'https://sachnoiviet.net/giong-doc/ha-diem', 'tone': None, 'volume': None, 'speed': None, 'pitch': None}",3.7161,Robert James Waller,https://thuviensachpdf.com/nhung-chiec-cau-o-quan-madison,https://sachnoiviet.net/sach-noi/nhung-chiec-cau-o-quan-madison,,,,,,,
de948278,toi-quyet-đinh-song-cho-chinh-toi,,,"{'id': '3ad3b9e9', 'name': 'Mộc', 'dialect': None, 'gender': None, 'age': None, 'url': 'https://sachnoiviet.net/giong-doc/moc', 'tone': None, 'volume': None, 'speed': None, 'pitch': None}",3.1058,Kim Suhyun,https://thuviensachpdf.com/toi-quyet-dinh-song-cho-chinh-toi,https://sachnoiviet.net/sach-noi/toi-quyet-dinh-song-cho-chinh-toi,,,,,,,
3ee1ad7d,ai-se-khoc-khi-ban-lia-xa,,,"{'id': 'a341e4ee', 'name': 'Mộc', 'dialect': None, 'gender': None, 'age': None, 'url': 'https://sachnoiviet.net/giong-doc/moc', 'tone': None, 'volume': None, 'speed': None, 'pitch': None}",4.3083,Robin Sharma,https://thuviensachpdf.com/ai-se-khoc-khi-ban-lia-xa,https://sachnoiviet.net/sach-noi/ai-se-khoc-khi-ban-lia-xa,,,,,,,
117525dd,thay-thong-ngon,,,"{'id': '53959119', 'name': 'Trần Thu Uyên', 'dialect': None, 'gender': None, 'age': None, 'url': 'https://sachnoiviet.net/giong-doc/tran-thu-uyen', 'tone': None, 'volume': None, 'speed': None, 'pitch': None}",3.2553,Hồ Biểu Chánh,https://thuviensachpdf.com/thay-thong-ngon,https://sachnoiviet.net/sach-noi/thay-thong-ngon,,,,,,,
b31b120f,chuyen-co-tich-danh-cho-nguoi-lon,,,"{'id': '59f18ae1', 'name': 'Minh Thạnh', 'dialect': None, 'gender': None, 'age': None, 'url': 'https://sachnoiviet.net/giong-doc/minh-thanh', 'tone': None, 'volume': None, 'speed': None, 'pitch': None}",3.2094,Nguyễn Nhật Ánh,https://thuviensachpdf.com/chuyen-co-tich-danh-cho-nguoi-lon,https://sachnoiviet.net/sach-noi/chuyen-co-tich-danh-cho-nguoi-lon,,,,,,,
cbb34076,đi-qua-hoa-cuc,,,"{'id': '1384deb7', 'name': 'Bình Nguyên', 'dialect': None, 'gender': None, 'age': None, 'url': 'https://sachnoiviet.net/giong-doc/binh-nguyen', 'tone': None, 'volume': None, 'speed': None, 'pitch': None}",3.8542,Nguyễn Nhật Ánh,https://thuviensachpdf.com/di-qua-hoa-cuc,https://sachnoiviet.net/sach-noi/di-qua-hoa-cuc,,,,,,,
4078b480,thay-thai-đo-đoi-cuoc-đoi,,,"{'id': '1d0e1685', 'name': 'Quang Điền', 'dialect': None, 'gender': None, 'age': None, 'url': 'https://sachnoiviet.net/giong-doc/quang-dien', 'tone': None, 'volume': None, 'speed': None, 'pitch': None}",3.9331,Jeff Keller,https://thuviensachpdf.com/thay-thai-do-doi-cuoc-doi,https://sachnoiviet.net/sach-noi/thay-thai-do-doi-cuoc-doi,,,,,,,
6f75698d,mieng-ngon-ha-noi,,,"{'id': 'bb147d6e', 'name': 'Hà Thái', 'dialect': None, 'gender': None, 'age': None, 'url': 'https://sachnoiviet.net/giong-doc/ha-thai', 'tone': None, 'volume': None, 'speed': None, 'pitch': None}",3.4722,Vũ Bằng,https://thuviensachpdf.com/mieng-ngon-ha-noi,https://sachnoiviet.net/sach-noi/mieng-ngon-ha-noi,,,,,,,
7fc5f8e8,suc-manh-cua-đong-luc,,,"{'id': '06772589', 'name': 'Phúc Lâm', 'dialect': None, 'gender': None, 'age': None, 'url': 'https://sachnoiviet.net/giong-doc/phuc-lam', 'tone': None, 'volume': None, 'speed': None, 'pitch': None}",3.5389,Roman Gelperin,https://thuviensachpdf.com/suc-manh-cua-dong-luc,https://sachnoiviet.net/sach-noi/suc-manh-cua-dong-luc,,,,,,,
a421aaf7,que-ngoai,,,"{'id': '3636ed9f', 'name': 'Hoàng Thúy', 'dialect': None, 'gender': None, 'age': None, 'url': 'https://sachnoiviet.net/giong-doc/hoang-thuy', 'tone': None, 'volume': None, 'speed': None, 'pitch': None}",3.7114,Nguyễn Thị Thanh Bình,https://thuviensachpdf.com/que-ngoai,https://sachnoiviet.net/sach-noi/que-ngoai,,,,,,,
b0f617a8,con-chut-gi-đe-nho,,,"{'id': '37c13384', 'name': 'Bình Nguyên', 'dialect': None, 'gender': None, 'age': None, 'url': 'https://sachnoiviet.net/giong-doc/binh-nguyen', 'tone': None, 'volume': None, 'speed': None, 'pitch': None}",3.6567,Nguyễn Nhật Ánh,https://thuviensachpdf.com/con-chut-gi-de-nho,https://sachnoiviet.net/sach-noi/con-chut-gi-de-nho,,,,,,,
282cee1f,thien-nhien-lieu-thuoc-nhiem-mau,,,"{'id': 'eb8b3cc9', 'name': 'Thanh Trúc', 'dialect': None, 'gender': None, 'age': None, 'url': 'https://sachnoiviet.net/giong-doc/thanh-truc', 'tone': None, 'volume': None, 'speed': None, 'pitch': None}",3.4819,Jack Canfield,https://thuviensachpdf.com/thien-nhien-lieu-thuoc-nhiem-mau,https://sachnoiviet.net/sach-noi/thien-nhien-lieu-thuoc-nhiem-mau,,,,,,,
869136db,dut-tinh,,,"{'id': 'a643a2bd', 'name': 'Bà Già Đọc Sách', 'dialect': None, 'gender': None, 'age': None, 'url': 'https://sachnoiviet.net/giong-doc/ba-gia-doc-sach', 'tone': None, 'volume': None, 'speed': None, 'pitch': None}",3.4069,Vũ Trọng Phụng,https://thuviensachpdf.com/dut-tinh,https://sachnoiviet.net/sach-noi/dut-tinh,,,,,,,
f62e0d0f,thuong-nho-tra-long,,,"{'id': '13d54d9f', 'name': 'Nguyễn Nguyễn', 'dialect': None, 'gender': None, 'age': None, 'url': 'https://sachnoiviet.net/giong-doc/nguyen-nguyen', 'tone': None, 'volume': None, 'speed': None, 'pitch': None}",4.04,Nguyễn Nhật Ánh,https://thuviensachpdf.com/thuong-nho-tra-long,https://sachnoiviet.net/sach-noi/thuong-nho-tra-long,,,,,,,
49a1100c,tinh-kiep-tam-sinh,,,"{'id': '9e6d82de', 'name': 'Trầm Radio', 'dialect': None, 'gender': None, 'age': None, 'url': 'https://sachnoiviet.net/giong-doc/tram-radio', 'tone': None, 'volume': None, 'speed': None, 'pitch': None}",4.9717,Cửu Lộ Phi Hương,https://thuviensachpdf.com/tinh-kiep-tam-sinh,https://sachnoiviet.net/sach-noi/tinh-kiep-tam-sinh,,,,,,,
9308a9e7,nguoi-giau-co-nhat-thanh-babylon,,,"{'id': '739abf91', 'name': 'Lê Yến', 'dialect': None, 'gender': None, 'age': None, 'url': 'https://sachnoiviet.net/giong-doc/le-yen', 'tone': None, 'volume': None, 'speed': None, 'pitch': None}",3.3947,George S. Clason,https://thuviensachpdf.com/nguoi-giau-co-nhat-thanh-babylon,https://sachnoiviet.net/sach-noi/nguoi-giau-co-nhat-thanh-babylon,,,,,,,
b67165f7,thanh-lich-kieu-phap,,,"{'id': 'a776a03f', 'name': 'Mộc', 'dialect': None, 'gender': None, 'age': None, 'url': 'https://sachnoiviet.net/giong-doc/moc', 'tone': None, 'volume': None, 'speed': None, 'pitch': None}",3.7556,Isabelle Thomas,https://thuviensachpdf.com/thanh-lich-kieu-phap,https://sachnoiviet.net/sach-noi/thanh-lich-kieu-phap,,,,,,,
b6c372f7,con-cho-nho-mang-gio-hoa-hong,,,"{'id': '31b49df4', 'name': 'Thanh Hảo', 'dialect': None, 'gender': None, 'age': None, 'url': 'https://sachnoiviet.net/giong-doc/thanh-hao', 'tone': None, 'volume': None, 'speed': None, 'pitch': None}",4.0369,Nguyễn Nhật Ánh,https://thuviensachpdf.com/con-cho-nho-mang-gio-hoa-hong,https://sachnoiviet.net/sach-noi/con-cho-nho-mang-gio-hoa-hong,,,,,,,
5864e256,that-tich-khong-mua,,,"{'id': '03a8f82f', 'name': 'Trần Ngọc San', 'dialect': None, 'gender': None, 'age': None, 'url': 'https://sachnoiviet.net/giong-doc/tran-ngoc-san', 'tone': None, 'volume': None, 'speed': None, 'pitch': None}",4.1725,Lâu Vũ Tình,https://thuviensachpdf.com/that-tich-khong-mua,https://sachnoiviet.net/sach-noi/that-tich-khong-mua,,,,,,,
bca055c7,truyen-kieu,,,"{'id': '6e07ad99', 'name': 'Bình Nguyên', 'dialect': None, 'gender': None, 'age': None, 'url': 'https://sachnoiviet.net/giong-doc/binh-nguyen', 'tone': None, 'volume': None, 'speed': None, 'pitch': None}",4.4497,Nguyễn Du,https://thuviensachpdf.com/truyen-kieu,https://sachnoiviet.net/sach-noi/truyen-kieu,,,,,,,
1e0f0ada,ngay-cuoi-cung-cua-mot-tu-tu,,,"{'id': '7781bfa0', 'name': 'Thủy Tiên', 'dialect': None, 'gender': None, 'age': None, 'url': 'https://sachnoiviet.net/giong-doc/thuy-tien', 'tone': None, 'volume': None, 'speed': None, 'pitch': None}",3.0758,Victor Hugo,https://thuviensachpdf.com/ngay-cuoi-cung-cua-mot-tu-tu,https://sachnoiviet.net/sach-noi/ngay-cuoi-cung-cua-mot-tu-tu,,,,,,,
33e7a9b8,90-giay-đe-thu-hut-bat-ky-ai,,,"{'id': '782ee8d9', 'name': 'Sách Nói Bản Full', 'dialect': None, 'gender': None, 'age': None, 'url': 'https://sachnoiviet.net/giong-doc/sach-noi-ban-full', 'tone': None, 'volume': None, 'speed': None, 'pitch': None}",3.3819,Nicholas Boothman,https://thuviensachpdf.com/90-giay-de-thu-hut-bat-ky-ai,https://sachnoiviet.net/sach-noi/90-giay-de-thu-hut-bat-ky-ai,,,,,,,
babc9197,bach-thai-buoi--khang-đinh-doanh-tai-nuoc-viet,,,"{'id': '9192a7df', 'name': 'Thùy Duyên', 'dialect': None, 'gender': None, 'age': None, 'url': 'https://sachnoiviet.net/giong-doc/thuy-duyen', 'tone': None, 'volume': None, 'speed': None, 'pitch': None}",3.7869,Albatross,https://thuviensachpdf.com/bach-thai-buoi-khang-dinh-doanh-tai-nuoc-viet,https://sachnoiviet.net/sach-noi/bach-thai-buoi-khang-dinh-doanh-tai-nuoc-viet,,,,,,,
09ed5e3f,thay-đoi-cau-hoi-thay-đoi-cuoc-đoi,,,"{'id': '6a858785', 'name': 'Lê Yến', 'dialect': None, 'gender': None, 'age': None, 'url': 'https://sachnoiviet.net/giong-doc/le-yen', 'tone': None, 'volume': None, 'speed': None, 'pitch': None}",3.7631,Marilee Adams,https://thuviensachpdf.com/thay-doi-cau-hoi-thay-doi-cuoc-doi,https://sachnoiviet.net/sach-noi/thay-doi-cau-hoi-thay-doi-cuoc-doi,,,,,,,
5cbbbb17,suc-manh-cua-tinh-lang,,,"{'id': '8e655af2', 'name': 'Trường Tân', 'dialect': None, 'gender': None, 'age': None, 'url': 'https://sachnoiviet.net/giong-doc/truong-tan', 'tone': None, 'volume': None, 'speed': None, 'pitch': None}",3.6742,Eckhart Tolle,https://thuviensachpdf.com/suc-manh-cua-tinh-lang,https://sachnoiviet.net/sach-noi/suc-manh-cua-tinh-lang,,,,,,,
31351b6d,nguoi-nam-cham--bi-mat-cua-luat-hap-dan,,,"{'id': '24aab4b0', 'name': 'Trần Ngọc San', 'dialect': None, 'gender': None, 'age': None, 'url': 'https://sachnoiviet.net/giong-doc/tran-ngoc-san', 'tone': None, 'volume': None, 'speed': None, 'pitch': None}",3.3658,Jack Canfield,https://thuviensachpdf.com/nguoi-nam-cham-bi-mat-cua-luat-hap-dan,https://sachnoiviet.net/sach-noi/nguoi-nam-cham-bi-mat-cua-luat-hap-dan,,,,,,,
a976bfd3,tieu-thu-victoria,,,"{'id': '8267cf6b', 'name': 'Unknown', 'dialect': None, 'gender': None, 'age': None, 'url': 'Unknown', 'tone': None, 'volume': None, 'speed': None, 'pitch': None}",3.2519,Knut Hamsun,https://thuviensachpdf.com/tieu-thu-victoria,https://sachnoiviet.net/sach-noi/tieu-thu-victoria,,,,,,,
3c6751bd,hanh-phuc-loi-nao,,,"{'id': 'c07ad5da', 'name': 'Quỳnh Như', 'dialect': None, 'gender': None, 'age': None, 'url': 'https://sachnoiviet.net/giong-doc/quynh-nhu', 'tone': None, 'volume': None, 'speed': None, 'pitch': None}",4.9878,Hồ Biểu Chánh,https://thuviensachpdf.com/hanh-phuc-loi-nao,https://sachnoiviet.net/sach-noi/hanh-phuc-loi-nao,,,,,,,
e87b58a6,guong-kien-nhan,,,"{'id': '29cdc8ad', 'name': 'Đỗ Thụy', 'dialect': None, 'gender': None, 'age': None, 'url': 'https://sachnoiviet.net/giong-doc/do-thuy', 'tone': None, 'volume': None, 'speed': None, 'pitch': None}",4.1008,Nguyễn Hiến Lê,https://thuviensachpdf.com/guong-kien-nhan,https://sachnoiviet.net/sach-noi/guong-kien-nhan,,,,,,,
5e582e09,chu-be-rac-roi,,,"{'id': 'bd901343', 'name': 'Nguyễn Nguyễn', 'dialect': None, 'gender': None, 'age': None, 'url': 'https://sachnoiviet.net/giong-doc/nguyen-nguyen', 'tone': None, 'volume': None, 'speed': None, 'pitch': None}",3.6178,Nguyễn Nhật Ánh,https://thuviensachpdf.com/chu-be-rac-roi,https://sachnoiviet.net/sach-noi/chu-be-rac-roi,,,,,,,
ccff1518,canh-cua,,,"{'id': 'fad8dcc5', 'name': 'Anh Tú', 'dialect': None, 'gender': None, 'age': None, 'url': 'https://sachnoiviet.net/giong-doc/anh-tu', 'tone': None, 'volume': None, 'speed': None, 'pitch': None}",3.1422,Chu Đức Đông,https://thuviensachpdf.com/canh-cua,https://sachnoiviet.net/sach-noi/canh-cua,,,,,,,
849a7cc4,đong-tam-long,,,"{'id': '8fabb3b1', 'name': 'Thanh Trúc', 'dialect': None, 'gender': None, 'age': None, 'url': 'https://sachnoiviet.net/giong-doc/thanh-truc', 'tone': None, 'volume': None, 'speed': None, 'pitch': None}",3.4192,Nguyễn Ngọc Tư,https://thuviensachpdf.com/dong-tam-long,https://sachnoiviet.net/sach-noi/dong-tam-long,,,,,,,
cc435e6c,song-365-ngay-mot-nam,,,"{'id': 'e30aba40', 'name': 'Xuân Huy', 'dialect': None, 'gender': None, 'age': None, 'url': 'https://sachnoiviet.net/giong-doc/xuan-huy', 'tone': None, 'volume': None, 'speed': None, 'pitch': None}",3.0775,Nguyễn Hiến Lê,https://thuviensachpdf.com/song-365-ngay-mot-nam,https://sachnoiviet.net/sach-noi/song-365-ngay-mot-nam,,,,,,,
fc57437a,neu-ngay-mai-khong-bao-gio-đen,,,"{'id': 'c4a237c6', 'name': 'Tường Vi', 'dialect': None, 'gender': None, 'age': None, 'url': 'https://sachnoiviet.net/giong-doc/tuong-vi', 'tone': None, 'volume': None, 'speed': None, 'pitch': None}",3.3222,Yasushi Kitagawa,https://thuviensachpdf.com/neu-ngay-mai-khong-bao-gio-den,https://sachnoiviet.net/sach-noi/neu-ngay-mai-khong-bao-gio-den,,,,,,,
76129986,gio-lao-thanh-co,,,"{'id': '7f81aaf1', 'name': 'Trung Nghị', 'dialect': None, 'gender': None, 'age': None, 'url': 'https://sachnoiviet.net/giong-doc/trung-nghi', 'tone': None, 'volume': None, 'speed': None, 'pitch': None}",4.7828,Ngô Văn Phú,https://thuviensachpdf.com/gio-lao-thanh-co,https://sachnoiviet.net/sach-noi/gio-lao-thanh-co,,,,,,,
7c471647,đac-quyen-cua-gai-hu,,,"{'id': 'b30cd437', 'name': 'Phương Thảo', 'dialect': None, 'gender': None, 'age': None, 'url': 'https://sachnoiviet.net/giong-doc/phuong-thao', 'tone': None, 'volume': None, 'speed': None, 'pitch': None}",4.8056,Kara King,https://thuviensachpdf.com/dac-quyen-cua-gai-hu,https://sachnoiviet.net/sach-noi/dac-quyen-cua-gai-hu,,,,,,,
5c5751f3,vo-thuong,,,"{'id': 'c65f5c29', 'name': 'Bình Nguyên', 'dialect': None, 'gender': None, 'age': None, 'url': 'https://sachnoiviet.net/giong-doc/binh-nguyen', 'tone': None, 'volume': None, 'speed': None, 'pitch': None}",3.1514,Nguyễn Bảo Trung,https://thuviensachpdf.com/vo-thuong,https://sachnoiviet.net/sach-noi/vo-thuong,,,,,,,
8c398f0c,y-va-tinh,,,"{'id': '1db87f65', 'name': 'Kim Xuân', 'dialect': None, 'gender': None, 'age': None, 'url': 'https://sachnoiviet.net/giong-doc/kim-xuan', 'tone': None, 'volume': None, 'speed': None, 'pitch': None}",4.3619,Hồ Biểu Chánh,https://thuviensachpdf.com/y-va-tinh,https://sachnoiviet.net/sach-noi/y-va-tinh,,,,,,,
34ca5e8f,muon-thanh-cong-noi-khong-voi-tri-hoan,,,"{'id': 'e0d46eba', 'name': 'Radio Kết Nối', 'dialect': None, 'gender': None, 'age': None, 'url': 'https://sachnoiviet.net/giong-doc/radio-ket-noi', 'tone': None, 'volume': None, 'speed': None, 'pitch': None}",3.2997,Damon Zahariades,https://thuviensachpdf.com/muon-thanh-cong-noi-khong-voi-tri-hoan,https://sachnoiviet.net/sach-noi/muon-thanh-cong-noi-khong-voi-tri-hoan,,,,,,,
be4ae446,that-bai-đe-thanh-cong,,,"{'id': '3f244c25', 'name': 'Phương Anh', 'dialect': None, 'gender': None, 'age': None, 'url': 'https://sachnoiviet.net/giong-doc/phuong-anh', 'tone': None, 'volume': None, 'speed': None, 'pitch': None}",4.7125,Nhiều Tác Giả,https://thuviensachpdf.com/that-bai-de-thanh-cong,https://sachnoiviet.net/sach-noi/that-bai-de-thanh-cong,,,,,,,
470dfff2,ban-co-nam-cho-ngoi,,,"{'id': '52a42274', 'name': 'Nguyễn Nguyễn', 'dialect': None, 'gender': None, 'age': None, 'url': 'https://sachnoiviet.net/giong-doc/nguyen-nguyen', 'tone': None, 'volume': None, 'speed': None, 'pitch': None}",3.9475,Nguyễn Nhật Ánh,https://thuviensachpdf.com/ban-co-nam-cho-ngoi,https://sachnoiviet.net/sach-noi/ban-co-nam-cho-ngoi,,,,,,,
b7d1fa90,oc-sang-suot,,,"{'id': '4d02a27c', 'name': 'Trương Thị Đệ', 'dialect': None, 'gender': None, 'age': None, 'url': 'https://sachnoiviet.net/giong-doc/truong-thi-de', 'tone': None, 'volume': None, 'speed': None, 'pitch': None}",4.1397,Thu Giang,https://thuviensachpdf.com/oc-sang-suot,https://sachnoiviet.net/sach-noi/oc-sang-suot,,,,,,,
b9997de0,charlotte-va-wilbur,,,"{'id': '43945ca1', 'name': 'Lạc Lạc', 'dialect': None, 'gender': None, 'age': None, 'url': 'https://sachnoiviet.net/giong-doc/lac-lac', 'tone': None, 'volume': None, 'speed': None, 'pitch': None}",4.1364,E. B. White,https://thuviensachpdf.com/charlotte-va-wilbur,https://sachnoiviet.net/sach-noi/charlotte-va-wilbur,,,,,,,
e1167cc3,suong-khoi-que-nha,,,"{'id': 'd18b2c97', 'name': 'Xuân Hùng', 'dialect': None, 'gender': None, 'age': None, 'url': 'https://sachnoiviet.net/giong-doc/xuan-hung', 'tone': None, 'volume': None, 'speed': None, 'pitch': None}",4.0494,Nguyễn Nhật Ánh,https://thuviensachpdf.com/suong-khoi-que-nha,https://sachnoiviet.net/sach-noi/suong-khoi-que-nha,,,,,,,
42aefd7f,nhung-chang-trai-xau-tinh,,,"{'id': '36e812e7', 'name': 'Văn Tài', 'dialect': None, 'gender': None, 'age': None, 'url': 'https://sachnoiviet.net/giong-doc/van-tai', 'tone': None, 'volume': None, 'speed': None, 'pitch': None}",3.1728,Nguyễn Nhật Ánh,https://thuviensachpdf.com/nhung-chang-trai-xau-tinh,https://sachnoiviet.net/sach-noi/nhung-chang-trai-xau-tinh,,,,,,,
4f98d4da,tieng-goi-noi-hoang-da,,,"{'id': '32aa37c9', 'name': 'Trung Nghị', 'dialect': None, 'gender': None, 'age': None, 'url': 'https://sachnoiviet.net/giong-doc/trung-nghi', 'tone': None, 'volume': None, 'speed': None, 'pitch': None}",3.1672,Jack London,https://thuviensachpdf.com/tieng-goi-noi-hoang-da,https://sachnoiviet.net/sach-noi/tieng-goi-noi-hoang-da,,,,,,,
6b6e19fa,binh-minh-va-hoang-hon,,,"{'id': 'e08b3ecd', 'name': 'Unknown', 'dialect': None, 'gender': None, 'age': None, 'url': 'Unknown', 'tone': None, 'volume': None, 'speed': None, 'pitch': None}",4.0861,Tân Di Ổ,https://thuviensachpdf.com/binh-minh-va-hoang-hon,https://sachnoiviet.net/sach-noi/binh-minh-va-hoang-hon,,,,,,,
da556e0b,tat-lua-long,,,"{'id': '530b5004', 'name': 'Bình Nguyên', 'dialect': None, 'gender': None, 'age': None, 'url': 'https://sachnoiviet.net/giong-doc/binh-nguyen', 'tone': None, 'volume': None, 'speed': None, 'pitch': None}",4.8344,Nguyễn Công Hoan,https://thuviensachpdf.com/tat-lua-long,https://sachnoiviet.net/sach-noi/tat-lua-long,,,,,,,
cdbb2482,sach-đen-ve-tinh-than-doanh-nhan,,,"{'id': 'e9856ee2', 'name': 'Hiếu Hạnh', 'dialect': None, 'gender': None, 'age': None, 'url': 'https://sachnoiviet.net/giong-doc/hieu-hanh', 'tone': None, 'volume': None, 'speed': None, 'pitch': None}",4.1733,Fernando Trías De Bes,https://thuviensachpdf.com/sach-den-ve-tinh-than-doanh-nhan,https://sachnoiviet.net/sach-noi/sach-den-ve-tinh-than-doanh-nhan,,,,,,,
c9e00b13,đem-hoi-long-tri,,,"{'id': 'f9b750e0', 'name': 'Ngọc Hân', 'dialect': None, 'gender': None, 'age': None, 'url': 'https://sachnoiviet.net/giong-doc/ngoc-han', 'tone': None, 'volume': None, 'speed': None, 'pitch': None}",4.5722,Nguyễn Huy Tưởng,https://thuviensachpdf.com/dem-hoi-long-tri,https://sachnoiviet.net/sach-noi/dem-hoi-long-tri,,,,,,,
56ea7811,chu-be-co-tai-mo-khoa,,,"{'id': 'efb5f71f', 'name': 'MC Quốc Bình', 'dialect': None, 'gender': None, 'age': None, 'url': 'https://sachnoiviet.net/giong-doc/mc-quoc-binh', 'tone': None, 'volume': None, 'speed': None, 'pitch': None}",3.9222,Nguyễn Quang Thân,https://thuviensachpdf.com/chu-be-co-tai-mo-khoa,https://sachnoiviet.net/sach-noi/chu-be-co-tai-mo-khoa,,,,,,,
74c52a5f,plato-va-con-thu-mo-vit-buoc-vao-quan-bar,,,"{'id': '5c8dd241', 'name': 'An Đồng', 'dialect': None, 'gender': None, 'age': None, 'url': 'https://sachnoiviet.net/giong-doc/an-dong', 'tone': None, 'volume': None, 'speed': None, 'pitch': None}",4.6392,Thomas Cathcart,https://thuviensachpdf.com/plato-va-con-thu-mo-vit-buoc-vao-quan-bar,https://sachnoiviet.net/sach-noi/plato-va-con-thu-mo-vit-buoc-vao-quan-bar,,,,,,,
57bc69b3,lac-đuong,,,"{'id': 'f94eadb3', 'name': 'Quỳnh Như', 'dialect': None, 'gender': None, 'age': None, 'url': 'https://sachnoiviet.net/giong-doc/quynh-nhu', 'tone': None, 'volume': None, 'speed': None, 'pitch': None}",3.325,Đào Hiếu,https://thuviensachpdf.com/lac-duong,https://sachnoiviet.net/sach-noi/lac-duong,,,,,,,
1c9d8f72,phep-mau,,,"{'id': 'a27688e6', 'name': 'Unknown', 'dialect': None, 'gender': None, 'age': None, 'url': 'Unknown', 'tone': None, 'volume': None, 'speed': None, 'pitch': None}",4.9439,Lâu Doanh Doanh,https://thuviensachpdf.com/phep-mau,https://sachnoiviet.net/sach-noi/phep-mau,,,,,,,
81b80fa7,ao-cuoi-truoc-cong-chua,,,"{'id': '5e80769d', 'name': 'Phương Minh', 'dialect': None, 'gender': None, 'age': None, 'url': 'https://sachnoiviet.net/giong-doc/phuong-minh', 'tone': None, 'volume': None, 'speed': None, 'pitch': None}",3.1233,Mộng Tuyết,https://thuviensachpdf.com/ao-cuoi-truoc-cong-chua,https://sachnoiviet.net/sach-noi/ao-cuoi-truoc-cong-chua,,,,,,,
5cff9ed5,mot-đoi-đang-gia-đung-song-qua-loa,,,"{'id': '4e2dbb20', 'name': 'Mộc', 'dialect': None, 'gender': None, 'age': None, 'url': 'https://sachnoiviet.net/giong-doc/moc', 'tone': None, 'volume': None, 'speed': None, 'pitch': None}",4.0567,Tinh Vân Đại Sư,https://thuviensachpdf.com/mot-doi-dang-gia-dung-song-qua-loa,https://sachnoiviet.net/sach-noi/mot-doi-dang-gia-dung-song-qua-loa,,,,,,,
ef747727,song-cham-lai-roi-moi-chuyen-se-on-thoi,,,"{'id': 'b55e4661', 'name': 'Tâm Hồn Của Sách', 'dialect': None, 'gender': None, 'age': None, 'url': 'https://sachnoiviet.net/giong-doc/tam-hon-cua-sach', 'tone': None, 'volume': None, 'speed': None, 'pitch': None}",3.4828,Alpha Books,https://thuviensachpdf.com/song-cham-lai-roi-moi-chuyen-se-on-thoi,https://sachnoiviet.net/sach-noi/song-cham-lai-roi-moi-chuyen-se-on-thoi,,,,,,,
6c04498b,binh-tinh-khi-e-manh-me-khi-yeu,,,"{'id': '14e907c0', 'name': 'Thùy Uyên', 'dialect': None, 'gender': None, 'age': None, 'url': 'https://sachnoiviet.net/giong-doc/thuy-uyen', 'tone': None, 'volume': None, 'speed': None, 'pitch': None}",4.3569,Ellen Fein,https://thuviensachpdf.com/binh-tinh-khi-e-manh-me-khi-yeu,https://sachnoiviet.net/sach-noi/binh-tinh-khi-e-manh-me-khi-yeu,,,,,,,
e9c8e7c5,ta-quan-le-van-duyet,,,"{'id': '8c775184', 'name': 'Trịnh Trọng Tuân', 'dialect': None, 'gender': None, 'age': None, 'url': 'https://sachnoiviet.net/giong-doc/trinh-trong-tuan', 'tone': None, 'volume': None, 'speed': None, 'pitch': None}",4.7556,Bùi Thụy Đào Nguyên,https://thuviensachpdf.com/ta-quan-le-van-duyet,https://sachnoiviet.net/sach-noi/ta-quan-le-van-duyet,,,,,,,
fc34713e,me-teresa--tren-ca-tinh-yeu,,,"{'id': '23ad7487', 'name': 'Hoàng Anh', 'dialect': None, 'gender': None, 'age': None, 'url': 'https://sachnoiviet.net/giong-doc/hoang-anh', 'tone': None, 'volume': None, 'speed': None, 'pitch': None}",3.5722,Thomas Moore,https://thuviensachpdf.com/me-teresa-tren-ca-tinh-yeu,https://sachnoiviet.net/sach-noi/me-teresa-tren-ca-tinh-yeu,,,,,,,
4a278277,cay-chuoi-non-đi-giay-xanh,,,"{'id': '7b3a76b5', 'name': 'Trần Ngọc San', 'dialect': None, 'gender': None, 'age': None, 'url': 'https://sachnoiviet.net/giong-doc/tran-ngoc-san', 'tone': None, 'volume': None, 'speed': None, 'pitch': None}",4.8547,Nguyễn Nhật Ánh,https://thuviensachpdf.com/cay-chuoi-non-di-giay-xanh,https://sachnoiviet.net/sach-noi/cay-chuoi-non-di-giay-xanh,,,,,,,
3c3aa88c,nghi-tu-trai-tim,,,"{'id': 'cba97af3', 'name': 'Phú Cường', 'dialect': None, 'gender': None, 'age': None, 'url': 'https://sachnoiviet.net/giong-doc/phu-cuong', 'tone': None, 'volume': None, 'speed': None, 'pitch': None}",3.215,Đỗ Hồng Ngọc,https://thuviensachpdf.com/nghi-tu-trai-tim,https://sachnoiviet.net/sach-noi/nghi-tu-trai-tim,,,,,,,
14fca44c,đung-chi-đep-ma-khong-hieu-chuyen,,,"{'id': '38d9ea11', 'name': 'Mộc', 'dialect': None, 'gender': None, 'age': None, 'url': 'https://sachnoiviet.net/giong-doc/moc', 'tone': None, 'volume': None, 'speed': None, 'pitch': None}",4.3986,Mai Tử,https://thuviensachpdf.com/dung-chi-dep-ma-khong-hieu-chuyen,https://sachnoiviet.net/sach-noi/dung-chi-dep-ma-khong-hieu-chuyen,,,,,,,
8c141370,khong-so-đem-đen-boi-trong-long-co-anh-sang,,,"{'id': '8f0f56c3', 'name': 'Mộc', 'dialect': None, 'gender': None, 'age': None, 'url': 'https://sachnoiviet.net/giong-doc/moc', 'tone': None, 'volume': None, 'speed': None, 'pitch': None}",4.1578,Mễ Tô,https://thuviensachpdf.com/khong-so-dem-den-boi-trong-long-co-anh-sang,https://sachnoiviet.net/sach-noi/khong-so-dem-den-boi-trong-long-co-anh-sang,,,,,,,
29cbf740,7-buoc-đen-thanh-cong,,,"{'id': 'f1359db0', 'name': 'Sách Hay Bizbook', 'dialect': None, 'gender': None, 'age': None, 'url': 'https://sachnoiviet.net/giong-doc/sach-hay-bizbook', 'tone': None, 'volume': None, 'speed': None, 'pitch': None}",3.2461,Nguyễn Hiến Lê,https://thuviensachpdf.com/7-buoc-den-thanh-cong,https://sachnoiviet.net/sach-noi/7-buoc-den-thanh-cong,,,,,,,
e97a2bcb,goc-khuat-đan-ba,,,"{'id': 'a2f3344d', 'name': 'Unknown', 'dialect': None, 'gender': None, 'age': None, 'url': 'Unknown', 'tone': None, 'volume': None, 'speed': None, 'pitch': None}",4.69,Huyền Trang Bất Hối,https://thuviensachpdf.com/goc-khuat-dan-ba,https://sachnoiviet.net/sach-noi/goc-khuat-dan-ba,,,,,,,
ddd2b901,danh-nhan-khoa-hoc-viet-nam,,,"{'id': 'a4274469', 'name': 'Trung Can', 'dialect': None, 'gender': None, 'age': None, 'url': 'https://sachnoiviet.net/giong-doc/trung-can', 'tone': None, 'volume': None, 'speed': None, 'pitch': None}",3.6656,Lê Minh Quốc,https://thuviensachpdf.com/danh-nhan-khoa-hoc-viet-nam,https://sachnoiviet.net/sach-noi/danh-nhan-khoa-hoc-viet-nam,,,,,,,
bdaf7d6b,nghi-thien-đe-cuoc-đoi-va-cong-viec-vien-man,,,"{'id': '97f838db', 'name': 'Ngọc Hiếu', 'dialect': None, 'gender': None, 'age': None, 'url': 'https://sachnoiviet.net/giong-doc/ngoc-hieu', 'tone': None, 'volume': None, 'speed': None, 'pitch': None}",3.365,Inamori Kazuo,https://thuviensachpdf.com/nghi-thien-de-cuoc-doi-va-cong-viec-vien-man,https://sachnoiviet.net/sach-noi/nghi-thien-de-cuoc-doi-va-cong-viec-vien-man,,,,,,,
e2ea0f7a,cach-lam-viec-ky-dieu-cho-rieng-ban,,,"{'id': 'b7eac115', 'name': 'Việt Dũng', 'dialect': None, 'gender': None, 'age': None, 'url': 'https://sachnoiviet.net/giong-doc/viet-dung', 'tone': None, 'volume': None, 'speed': None, 'pitch': None}",4.7353,Napoleon Hill,https://thuviensachpdf.com/cach-lam-viec-ky-dieu-cho-rieng-ban,https://sachnoiviet.net/sach-noi/cach-lam-viec-ky-dieu-cho-rieng-ban,,,,,,,
3150b5cb,mat-biec,,,"{'id': '3f37bf58', 'name': 'Trần Ngọc San', 'dialect': None, 'gender': None, 'age': None, 'url': 'https://sachnoiviet.net/giong-doc/tran-ngoc-san', 'tone': None, 'volume': None, 'speed': None, 'pitch': None}",4.9997,Nguyễn Nhật Ánh,https://thuviensachpdf.com/mat-biec,https://sachnoiviet.net/sach-noi/mat-biec,,,,,,,
96ac041a,đoa-hoa-tan,,,"{'id': '2d2374ba', 'name': 'Quỳnh Như', 'dialect': None, 'gender': None, 'age': None, 'url': 'https://sachnoiviet.net/giong-doc/quynh-nhu', 'tone': None, 'volume': None, 'speed': None, 'pitch': None}",3.0422,Hồ Biểu Chánh,https://thuviensachpdf.com/doa-hoa-tan,https://sachnoiviet.net/sach-noi/doa-hoa-tan,,,,,,,
7626dfe8,bi-mat-cua-toc-tien,,,"{'id': '00752705', 'name': 'San Hô', 'dialect': None, 'gender': None, 'age': None, 'url': 'https://sachnoiviet.net/giong-doc/san-ho', 'tone': None, 'volume': None, 'speed': None, 'pitch': None}",3.0842,Nguyễn Nhật Ánh,https://thuviensachpdf.com/bi-mat-cua-toc-tien,https://sachnoiviet.net/sach-noi/bi-mat-cua-toc-tien,,,,,,,
30fded95,buoi-chieu-windows,,,"{'id': 'f5ea9f73', 'name': 'Nguyễn Nguyễn', 'dialect': None, 'gender': None, 'age': None, 'url': 'https://sachnoiviet.net/giong-doc/nguyen-nguyen', 'tone': None, 'volume': None, 'speed': None, 'pitch': None}",4.3325,Nguyễn Nhật Ánh,https://thuviensachpdf.com/buoi-chieu-windows,https://sachnoiviet.net/sach-noi/buoi-chieu-windows,,,,,,,
934ae47c,hieu-nang--cham-ngon-cua-nha-doanh-nghiep,,,"{'id': '378b7835', 'name': 'Xuân Huy', 'dialect': None, 'gender': None, 'age': None, 'url': 'https://sachnoiviet.net/giong-doc/xuan-huy', 'tone': None, 'volume': None, 'speed': None, 'pitch': None}",3.1728,Nguyễn Hiến Lê,https://thuviensachpdf.com/hieu-nang-cham-ngon-cua-nha-doanh-nghiep,https://sachnoiviet.net/sach-noi/hieu-nang-cham-ngon-cua-nha-doanh-nghiep,,,,,,,
1330ce6f,ai-va-ky-o-xu-so-nhung-con-so-tang-hinh,,,"{'id': '6cefb0e3', 'name': 'Hướng Dương', 'dialect': None, 'gender': None, 'age': None, 'url': 'https://sachnoiviet.net/giong-doc/huong-duong', 'tone': None, 'volume': None, 'speed': None, 'pitch': None}",3.6533,Ngô Bảo Châu,https://thuviensachpdf.com/ai-va-ky-o-xu-so-nhung-con-so-tang-hinh,https://sachnoiviet.net/sach-noi/ai-va-ky-o-xu-so-nhung-con-so-tang-hinh,,,,,,,
440d1893,hay-ton-trong-no-luc-cua-mot-co-gai,,,"{'id': '84b2fec8', 'name': 'Mộc', 'dialect': None, 'gender': None, 'age': None, 'url': 'https://sachnoiviet.net/giong-doc/moc', 'tone': None, 'volume': None, 'speed': None, 'pitch': None}",4.2375,Dương Hy Văn,https://thuviensachpdf.com/hay-ton-trong-no-luc-cua-mot-co-gai,https://sachnoiviet.net/sach-noi/hay-ton-trong-no-luc-cua-mot-co-gai,,,,,,,
9b8937ed,giup-chong-thanh-cong,,,"{'id': '64f9c098', 'name': 'Trương Thị Đệ', 'dialect': None, 'gender': None, 'age': None, 'url': 'https://sachnoiviet.net/giong-doc/truong-thi-de', 'tone': None, 'volume': None, 'speed': None, 'pitch': None}",4.6722,Dorothy Carnegie,https://thuviensachpdf.com/giup-chong-thanh-cong,https://sachnoiviet.net/sach-noi/giup-chong-thanh-cong,,,,,,,
95775693,tai-toi,,,"{'id': 'c22ed821', 'name': 'Thủy Tiên', 'dialect': None, 'gender': None, 'age': None, 'url': 'https://sachnoiviet.net/giong-doc/thuy-tien', 'tone': None, 'volume': None, 'speed': None, 'pitch': None}",4.3956,Hồ Biểu Chánh,https://thuviensachpdf.com/tai-toi,https://sachnoiviet.net/sach-noi/tai-toi,,,,,,,
c9968a07,quan-go-đi-len,,,"{'id': 'dd322301', 'name': 'Bình Nguyên', 'dialect': None, 'gender': None, 'age': None, 'url': 'https://sachnoiviet.net/giong-doc/binh-nguyen', 'tone': None, 'volume': None, 'speed': None, 'pitch': None}",4.7133,Nguyễn Nhật Ánh,https://thuviensachpdf.com/quan-go-di-len,https://sachnoiviet.net/sach-noi/quan-go-di-len,,,,,,,
7fc843b8,bi-quyet-thanh-cong-cua-cac-trieu-phu-tre-han-quoc,,,"{'id': 'fc07e9be', 'name': 'Thùy Duyên', 'dialect': None, 'gender': None, 'age': None, 'url': 'https://sachnoiviet.net/giong-doc/thuy-duyen', 'tone': None, 'volume': None, 'speed': None, 'pitch': None}",3.1672,Park Yong Seok,https://thuviensachpdf.com/bi-quyet-thanh-cong-cua-cac-trieu-phu-tre-han-quoc,https://sachnoiviet.net/sach-noi/bi-quyet-thanh-cong-cua-cac-trieu-phu-tre-han-quoc,,,,,,,
a0af086e,tan-phong-nu-si,,,"{'id': 'a61f3ba1', 'name': 'Nào Đi Thôi', 'dialect': None, 'gender': None, 'age': None, 'url': 'https://sachnoiviet.net/giong-doc/nao-di-thoi', 'tone': None, 'volume': None, 'speed': None, 'pitch': None}",3.9017,Hồ Biểu Chánh,https://thuviensachpdf.com/tan-phong-nu-si,https://sachnoiviet.net/sach-noi/tan-phong-nu-si,,,,,,,
81bc9860,đia-nguc-tang-thu-19,,,"{'id': '2718715e', 'name': 'Đình Soạn', 'dialect': None, 'gender': None, 'age': None, 'url': 'https://sachnoiviet.net/giong-doc/dinh-soa%cc%a3n', 'tone': None, 'volume': None, 'speed': None, 'pitch': None}",4.6692,Sái Tuấn,https://thuviensachpdf.com/dia-nguc-tang-thu-19,https://sachnoiviet.net/sach-noi/dia-nguc-tang-thu-19,,,,,,,
69c568a0,tai-sao-chung-toi-muon-ban-giau,,,"{'id': '40acc65b', 'name': 'Unknown', 'dialect': None, 'gender': None, 'age': None, 'url': 'Unknown', 'tone': None, 'volume': None, 'speed': None, 'pitch': None}",3.5694,Robert T Kiyosaki - Donald J. Trump,https://thuviensachpdf.com/tai-sao-chung-toi-muon-ban-giau,https://sachnoiviet.net/sach-noi/tai-sao-chung-toi-muon-ban-giau,,,,,,,
9e1edbbf,ket-thuc-ban-hang-đon-quyet-đinh,,,"{'id': 'dfafd051', 'name': 'Thùy Dung', 'dialect': None, 'gender': None, 'age': None, 'url': 'https://sachnoiviet.net/giong-doc/thuy-dung', 'tone': None, 'volume': None, 'speed': None, 'pitch': None}",4.59,Brian Tracy,https://thuviensachpdf.com/ket-thuc-ban-hang-don-quyet-dinh,https://sachnoiviet.net/sach-noi/ket-thuc-ban-hang-don-quyet-dinh,,,,,,,
b0dedfe5,steve-jobs-va-apple-thay-đoi-cach-nghe-nhac-cua-the-gioi,,,"{'id': 'bb3fafdb', 'name': 'Trần Huỳnh Phương Trang', 'dialect': None, 'gender': None, 'age': None, 'url': 'https://sachnoiviet.net/giong-doc/tran-huy-phuong-trang', 'tone': None, 'volume': None, 'speed': None, 'pitch': None}",4.6656,Trần Thanh Tuyền,https://thuviensachpdf.com/steve-jobs-va-apple-thay-doi-cach-nghe-nhac-cua-the-gioi,https://sachnoiviet.net/sach-noi/steve-jobs-va-apple-thay-doi-cach-nghe-nhac-cua-the-gioi,,,,,,,
da7bd306,sang-tao--khoi-nguon-suc-manh-ben-trong,,,"{'id': 'b4cad914', 'name': 'Lê Vương', 'dialect': None, 'gender': None, 'age': None, 'url': 'https://sachnoiviet.net/giong-doc/le-vuong', 'tone': None, 'volume': None, 'speed': None, 'pitch': None}",4.425,Osho,https://thuviensachpdf.com/sang-tao-khoi-nguon-suc-manh-ben-trong,https://sachnoiviet.net/sach-noi/sang-tao-khoi-nguon-suc-manh-ben-trong,,,,,,,
e0dbfd2d,nguoi-tinh,,,"{'id': '08158c98', 'name': 'Ngọc Như', 'dialect': None, 'gender': None, 'age': None, 'url': 'https://sachnoiviet.net/giong-doc/ngoc-nhu', 'tone': None, 'volume': None, 'speed': None, 'pitch': None}",3.0311,Marguerite Duras,https://thuviensachpdf.com/nguoi-tinh,https://sachnoiviet.net/sach-noi/nguoi-tinh,,,,,,,
2d9bfee7,ngay-tam-ta-an-song-gio-se-tan,,,"{'id': '299bb7a9', 'name': 'Mộc', 'dialect': None, 'gender': None, 'age': None, 'url': 'https://sachnoiviet.net/giong-doc/moc', 'tone': None, 'volume': None, 'speed': None, 'pitch': None}",4.425,Lý Lê,https://thuviensachpdf.com/ngay-tam-ta-an-song-gio-se-tan,https://sachnoiviet.net/sach-noi/ngay-tam-ta-an-song-gio-se-tan,,,,,,,
dd691464,hai-huoc-mot-chut-the-gioi-se-khac-đi,,,"{'id': 'eee5efef', 'name': 'Hoàng Thùy Linh', 'dialect': None, 'gender': None, 'age': None, 'url': 'https://sachnoiviet.net/giong-doc/hoang-thuy-linh', 'tone': None, 'volume': None, 'speed': None, 'pitch': None}",4.5867,The Book Worm,https://thuviensachpdf.com/hai-huoc-mot-chut-the-gioi-se-khac-di,https://sachnoiviet.net/sach-noi/hai-huoc-mot-chut-the-gioi-se-khac-di,,,,,,,
41cceb81,yes-or-no-nhung-quyet-đinh-thay-đoi-cuoc-song,,,"{'id': '9afd137b', 'name': 'Quang Điền', 'dialect': None, 'gender': None, 'age': None, 'url': 'https://sachnoiviet.net/giong-doc/quang-dien', 'tone': None, 'volume': None, 'speed': None, 'pitch': None}",3.2392,Spencer Johnson,https://thuviensachpdf.com/yes-or-no-nhung-quyet-dinh-thay-doi-cuoc-song,https://sachnoiviet.net/sach-noi/yes-or-no-nhung-quyet-dinh-thay-doi-cuoc-song,,,,,,,
dffcfcdf,bac-si-ai--bo--lit,,,"{'id': 'b030d944', 'name': 'Thanh Trúc', 'dialect': None, 'gender': None, 'age': None, 'url': 'https://sachnoiviet.net/giong-doc/thanh-truc', 'tone': None, 'volume': None, 'speed': None, 'pitch': None}",3.2556,Coócnây Trucốpxki,https://thuviensachpdf.com/bac-si-ai-bo-lit,https://sachnoiviet.net/sach-noi/bac-si-ai-bo-lit,,,,,,,
06643e91,phong-tro-ba-nguoi,,,"{'id': '60a4e704', 'name': 'Nguyễn Nguyễn', 'dialect': None, 'gender': None, 'age': None, 'url': 'https://sachnoiviet.net/giong-doc/nguyen-nguyen', 'tone': None, 'volume': None, 'speed': None, 'pitch': None}",4.7503,Nguyễn Nhật Ánh,https://thuviensachpdf.com/phong-tro-ba-nguoi,https://sachnoiviet.net/sach-noi/phong-tro-ba-nguoi,,,,,,,
07f39f95,đoc-thoai-hai-muoi,,,"{'id': '5fd6c92f', 'name': 'Hà Vy', 'dialect': None, 'gender': None, 'age': None, 'url': 'https://sachnoiviet.net/giong-doc/ha-vy', 'tone': None, 'volume': None, 'speed': None, 'pitch': None}",3.4169,Mạc Thụy,https://thuviensachpdf.com/doc-thoai-hai-muoi,https://sachnoiviet.net/sach-noi/doc-thoai-hai-muoi,,,,,,,
d86e2f18,tri-tue-kinh-doanh-va-ly-thuyet-tro-choi,,,"{'id': '1fb6ac38', 'name': 'Nguyễn Nguyệt Ánh', 'dialect': None, 'gender': None, 'age': None, 'url': 'https://sachnoiviet.net/giong-doc/nguyen-nguyet-anh', 'tone': None, 'volume': None, 'speed': None, 'pitch': None}",4.6903,Túc Xuân Lễ,https://thuviensachpdf.com/tri-tue-kinh-doanh-va-ly-thuyet-tro-choi,https://sachnoiviet.net/sach-noi/tri-tue-kinh-doanh-va-ly-thuyet-tro-choi,,,,,,,
7ef5b85a,suc-manh-cua-su-tu-te,,,"{'id': 'd8361d6d', 'name': 'Tâm An', 'dialect': None, 'gender': None, 'age': None, 'url': 'https://sachnoiviet.net/giong-doc/tam-an', 'tone': None, 'volume': None, 'speed': None, 'pitch': None}",4.4917,Linda Kaplan Thaler,https://thuviensachpdf.com/suc-manh-cua-su-tu-te,https://sachnoiviet.net/sach-noi/suc-manh-cua-su-tu-te,,,,,,,
9ad47a33,con-đuong-hoi-giao,,,"{'id': 'ba3df7b9', 'name': 'Unknown', 'dialect': None, 'gender': None, 'age': None, 'url': 'Unknown', 'tone': None, 'volume': None, 'speed': None, 'pitch': None}",4.4722,Nguyễn Phương Mai,https://thuviensachpdf.com/con-duong-hoi-giao,https://sachnoiviet.net/sach-noi/con-duong-hoi-giao,,,,,,,
c14b3bdc,that-đon-gian--tao-dung-quan-he,,,"{'id': '5accd60c', 'name': 'Hằng Lê', 'dialect': None, 'gender': None, 'age': None, 'url': 'https://sachnoiviet.net/giong-doc/hang-le', 'tone': None, 'volume': None, 'speed': None, 'pitch': None}",4.5372,Steven D’Souza,https://thuviensachpdf.com/that-don-gian-tao-dung-quan-he,https://sachnoiviet.net/sach-noi/that-don-gian-tao-dung-quan-he,,,,,,,
f6caa9e6,ca-phe-cung-tony,,,"{'id': '135f2eb0', 'name': 'Lê Yến', 'dialect': None, 'gender': None, 'age': None, 'url': 'https://sachnoiviet.net/giong-doc/le-yen', 'tone': None, 'volume': None, 'speed': None, 'pitch': None}",4.0583,Tony Buoi Sang,https://thuviensachpdf.com/ca-phe-cung-tony,https://sachnoiviet.net/sach-noi/ca-phe-cung-tony,,,,,,,
c7c616e8,bay-ngay-trong-đong-thap-muoi,,,"{'id': '94950d02', 'name': 'Thu Hồng', 'dialect': None, 'gender': None, 'age': None, 'url': 'https://sachnoiviet.net/giong-doc/thu-hong', 'tone': None, 'volume': None, 'speed': None, 'pitch': None}",4.2003,Nguyễn Hiến Lê,https://thuviensachpdf.com/bay-ngay-trong-dong-thap-muoi,https://sachnoiviet.net/sach-noi/bay-ngay-trong-dong-thap-muoi,,,,,,,
3f0eefb1,ong-gia-va-bien-ca,,,"{'id': 'd5dd9733', 'name': 'Trung Hậu', 'dialect': None, 'gender': None, 'age': None, 'url': 'https://sachnoiviet.net/giong-doc/trung-hau', 'tone': None, 'volume': None, 'speed': None, 'pitch': None}",3.1097,Ernest Hemingway,https://thuviensachpdf.com/ong-gia-va-bien-ca,https://sachnoiviet.net/sach-noi/ong-gia-va-bien-ca,,,,,,,
f9b3495e,cuoc-cach-mang-mot-cong-rom,,,"{'id': '68e27894', 'name': 'Bình Nguyên', 'dialect': None, 'gender': None, 'age': None, 'url': 'https://sachnoiviet.net/giong-doc/binh-nguyen', 'tone': None, 'volume': None, 'speed': None, 'pitch': None}",4.3664,Masanobu Fukuoka,https://thuviensachpdf.com/cuoc-cach-mang-mot-cong-rom,https://sachnoiviet.net/sach-noi/cuoc-cach-mang-mot-cong-rom,,,,,,,
c3d0536f,dam-lam-giau,,,"{'id': 'd12ea153', 'name': 'Lê Yến', 'dialect': None, 'gender': None, 'age': None, 'url': 'https://sachnoiviet.net/giong-doc/le-yen', 'tone': None, 'volume': None, 'speed': None, 'pitch': None}",3.8953,Phạm Tuấn Sơn,https://thuviensachpdf.com/dam-lam-giau,https://sachnoiviet.net/sach-noi/dam-lam-giau,,,,,,,
b2809464,200-cach-hanh-xu-trong-cuoc-song,,,"{'id': '446c35ac', 'name': 'Thủy Tiên', 'dialect': None, 'gender': None, 'age': None, 'url': 'https://sachnoiviet.net/giong-doc/thuy-tien', 'tone': None, 'volume': None, 'speed': None, 'pitch': None}",4.6697,Phúc Điền Kiến,https://thuviensachpdf.com/200-cach-hanh-xu-trong-cuoc-song,https://sachnoiviet.net/sach-noi/200-cach-hanh-xu-trong-cuoc-song,,,,,,,
3a4de960,ba-chua-che,,,"{'id': '60f38311', 'name': 'Hồng Hà', 'dialect': None, 'gender': None, 'age': None, 'url': 'https://sachnoiviet.net/giong-doc/hong-ha', 'tone': None, 'volume': None, 'speed': None, 'pitch': None}",4.4433,Nguyễn Triệu Luật,https://thuviensachpdf.com/ba-chua-che,https://sachnoiviet.net/sach-noi/ba-chua-che,,,,,,,
1067d209,cu-kinh,,,"{'id': '2d4ab4aa', 'name': 'Quỳnh Như', 'dialect': None, 'gender': None, 'age': None, 'url': 'https://sachnoiviet.net/giong-doc/quynh-nhu', 'tone': None, 'volume': None, 'speed': None, 'pitch': None}",3.2508,Hồ Biểu Chánh,https://thuviensachpdf.com/cu-kinh,https://sachnoiviet.net/sach-noi/cu-kinh,,,,,,,
89213014,đieu-y-nghia-nhat-trong-tung-khoanh-khac-cuoc-đoi,,,"{'id': '98030bb6', 'name': 'Yến Nhi', 'dialect': None, 'gender': None, 'age': None, 'url': 'https://sachnoiviet.net/giong-doc/yen-nhi', 'tone': None, 'volume': None, 'speed': None, 'pitch': None}",4.4058,Gary Keller,https://thuviensachpdf.com/dieu-y-nghia-nhat-trong-tung-khoanh-khac-cuoc-doi,https://sachnoiviet.net/sach-noi/dieu-y-nghia-nhat-trong-tung-khoanh-khac-cuoc-doi,,,,,,,
b61c28e7,cot-cach-phu-nu,,,"{'id': '0040ab2d', 'name': 'Thanh Trúc', 'dialect': None, 'gender': None, 'age': None, 'url': 'https://sachnoiviet.net/giong-doc/thanh-truc', 'tone': None, 'volume': None, 'speed': None, 'pitch': None}",3.9828,Huyền Trang Bất Hối,https://thuviensachpdf.com/cot-cach-phu-nu,https://sachnoiviet.net/sach-noi/cot-cach-phu-nu,,,,,,,
53c0d01b,song-nho,,,"{'id': '62df6b06', 'name': 'Hồng Trinh', 'dialect': None, 'gender': None, 'age': None, 'url': 'https://sachnoiviet.net/giong-doc/hong-trinh', 'tone': None, 'volume': None, 'speed': None, 'pitch': None}",4.6506,Mạnh Phú Tư,https://thuviensachpdf.com/song-nho,https://sachnoiviet.net/sach-noi/song-nho,,,,,,,
d136b292,nguoi-quang-đi-an-mi-quang,,,"{'id': '7fe4273f', 'name': 'Minh Hoàng', 'dialect': None, 'gender': None, 'age': None, 'url': 'https://sachnoiviet.net/giong-doc/minh-hoang', 'tone': None, 'volume': None, 'speed': None, 'pitch': None}",3.6756,Nguyễn Nhật Ánh,https://thuviensachpdf.com/nguoi-quang-di-an-mi-quang,https://sachnoiviet.net/sach-noi/nguoi-quang-di-an-mi-quang,,,,,,,
a17cdef0,no-nan,,,"{'id': '657f59b6', 'name': 'Hồng Trinh', 'dialect': None, 'gender': None, 'age': None, 'url': 'https://sachnoiviet.net/giong-doc/hong-trinh', 'tone': None, 'volume': None, 'speed': None, 'pitch': None}",3.1033,Nguyễn Công Hoan,https://thuviensachpdf.com/no-nan,https://sachnoiviet.net/sach-noi/no-nan,,,,,,,
553f3db1,mua-tu-coi-tam,,,"{'id': '2cff71f7', 'name': 'Tâm Hồn Của Sách', 'dialect': None, 'gender': None, 'age': None, 'url': 'https://sachnoiviet.net/giong-doc/tam-hon-cua-sach', 'tone': None, 'volume': None, 'speed': None, 'pitch': None}",4.3489,Diệu Ái,https://thuviensachpdf.com/mua-tu-coi-tam,https://sachnoiviet.net/sach-noi/mua-tu-coi-tam,,,,,,,
f7cc99f6,cha-me-nhat-day-con-tu-lap,,,"{'id': '7e459c60', 'name': 'Unknown', 'dialect': None, 'gender': None, 'age': None, 'url': 'Unknown', 'tone': None, 'volume': None, 'speed': None, 'pitch': None}",4.6831,Sugahara Yuko,https://thuviensachpdf.com/cha-me-nhat-day-con-tu-lap,https://sachnoiviet.net/sach-noi/cha-me-nhat-day-con-tu-lap,,,,,,,
74e1fe3e,nen-kinh-te-tang-truong-va-sup-đo-nhu-the-nao,,,"{'id': '920a7b92', 'name': 'Elly Trương', 'dialect': None, 'gender': None, 'age': None, 'url': 'https://sachnoiviet.net/giong-doc/elly-truong', 'tone': None, 'volume': None, 'speed': None, 'pitch': None}",4.2389,Peter D. Schiff,https://thuviensachpdf.com/nen-kinh-te-tang-truong-va-sup-do-nhu-the-nao,https://sachnoiviet.net/sach-noi/nen-kinh-te-tang-truong-va-sup-do-nhu-the-nao,,,,,,,
ba0d5737,luat-hap-dan-bi-mat-toi-cao,,,"{'id': '7e7d6235', 'name': 'Unknown', 'dialect': None, 'gender': None, 'age': None, 'url': 'Unknown', 'tone': None, 'volume': None, 'speed': None, 'pitch': None}",4.6006,Som Sujeera,https://thuviensachpdf.com/luat-hap-dan-bi-mat-toi-cao,https://sachnoiviet.net/sach-noi/luat-hap-dan-bi-mat-toi-cao,,,,,,,
3bd65f0f,chuyen-xe-nang-luong,,,"{'id': 'bf41fe96', 'name': 'Thảo Nguyên', 'dialect': None, 'gender': None, 'age': None, 'url': 'https://sachnoiviet.net/giong-doc/thao-nguyen', 'tone': None, 'volume': None, 'speed': None, 'pitch': None}",3.6972,Jon Gordon,https://thuviensachpdf.com/chuyen-xe-nang-luong,https://sachnoiviet.net/sach-noi/chuyen-xe-nang-luong,,,,,,,
f02af9ed,phu-nu-van-nguoi-me,,,"{'id': '9c8a646f', 'name': 'Unknown', 'dialect': None, 'gender': None, 'age': None, 'url': 'Unknown', 'tone': None, 'volume': None, 'speed': None, 'pitch': None}",3.8644,Huyền Trang Bất Hối,https://thuviensachpdf.com/phu-nu-van-nguoi-me,https://sachnoiviet.net/sach-noi/phu-nu-van-nguoi-me,,,,,,,
02607fa7,tim-ve-suc-manh-vo-bien,,,"{'id': '3b2923ed', 'name': 'Phương Anh', 'dialect': None, 'gender': None, 'age': None, 'url': 'https://sachnoiviet.net/giong-doc/phuong-anh', 'tone': None, 'volume': None, 'speed': None, 'pitch': None}",4.2389,Robin Sharma,https://thuviensachpdf.com/tim-ve-suc-manh-vo-bien,https://sachnoiviet.net/sach-noi/tim-ve-suc-manh-vo-bien,,,,,,,
69a767eb,tri-thong-minh-cua-su-tinh-te,,,"{'id': '6e9d95d7', 'name': 'Mộc', 'dialect': None, 'gender': None, 'age': None, 'url': 'https://sachnoiviet.net/giong-doc/moc', 'tone': None, 'volume': None, 'speed': None, 'pitch': None}",3.4483,Tô Mạn,https://thuviensachpdf.com/tri-thong-minh-cua-su-tinh-te,https://sachnoiviet.net/sach-noi/tri-thong-minh-cua-su-tinh-te,,,,,,,
c34d069f,phat-hoc-tinh-hoa,,,"{'id': '629decec', 'name': 'Thanh Kiều', 'dialect': None, 'gender': None, 'age': None, 'url': 'https://sachnoiviet.net/giong-doc/thanh-kieu', 'tone': None, 'volume': None, 'speed': None, 'pitch': None}",4.925,Nguyễn Duy Cần,https://thuviensachpdf.com/phat-hoc-tinh-hoa,https://sachnoiviet.net/sach-noi/phat-hoc-tinh-hoa,,,,,,,
9268bbca,noi-em-quay-ve-co-toi-đung-đoi,,,"{'id': '1bf65c5c', 'name': 'Trang Radio', 'dialect': None, 'gender': None, 'age': None, 'url': 'https://sachnoiviet.net/giong-doc/trang-radio', 'tone': None, 'volume': None, 'speed': None, 'pitch': None}",4.8694,Ichikawa Takuji,https://thuviensachpdf.com/noi-em-quay-ve-co-toi-dung-doi,https://sachnoiviet.net/sach-noi/noi-em-quay-ve-co-toi-dung-doi,,,,,,,
c46e3cc7,5-tuan-tren-khinh-khi-cau,,,"{'id': '8cea2c4f', 'name': 'Ngọc Minh', 'dialect': None, 'gender': None, 'age': None, 'url': 'https://sachnoiviet.net/giong-doc/ngoc-minh', 'tone': None, 'volume': None, 'speed': None, 'pitch': None}",4.8397,Jules Verne,https://thuviensachpdf.com/5-tuan-tren-khinh-khi-cau,https://sachnoiviet.net/sach-noi/5-tuan-tren-khinh-khi-cau,,,,,,,
40f84af5,nghi-nhu-mot-ty-phu,,,"{'id': '3ea6490d', 'name': 'Hiền Lương', 'dialect': None, 'gender': None, 'age': None, 'url': 'https://sachnoiviet.net/giong-doc/hien-luong', 'tone': None, 'volume': None, 'speed': None, 'pitch': None}",4.6867,Donald J. Trump,https://thuviensachpdf.com/nghi-nhu-mot-ty-phu,https://sachnoiviet.net/sach-noi/nghi-nhu-mot-ty-phu,,,,,,,
3ef7a69f,khong-noi-nuong-tua,,,"{'id': '42469a5b', 'name': 'Lê Duyên', 'dialect': None, 'gender': None, 'age': None, 'url': 'https://sachnoiviet.net/giong-doc/le-duyen', 'tone': None, 'volume': None, 'speed': None, 'pitch': None}",4.6994,Dave Pelzer,https://thuviensachpdf.com/khong-noi-nuong-tua,https://sachnoiviet.net/sach-noi/khong-noi-nuong-tua,,,,,,,
db80f0fb,tinh-mong,,,"{'id': 'e5b243af', 'name': 'Xuân Hiếu', 'dialect': None, 'gender': None, 'age': None, 'url': 'https://sachnoiviet.net/giong-doc/xuan-hieu', 'tone': None, 'volume': None, 'speed': None, 'pitch': None}",3.6658,Hồ Biểu Chánh,https://thuviensachpdf.com/tinh-mong,https://sachnoiviet.net/sach-noi/tinh-mong,,,,,,,
4e0701a9,tam-ly-hoc-đam-đong,,,"{'id': '371bf35e', 'name': 'Unknown', 'dialect': None, 'gender': None, 'age': None, 'url': 'Unknown', 'tone': None, 'volume': None, 'speed': None, 'pitch': None}",4.3858,Gustave Le Bon,https://thuviensachpdf.com/tam-ly-hoc-dam-dong,https://sachnoiviet.net/sach-noi/tam-ly-hoc-dam-dong,,,,,,,
fe124974,qua-cua-bo,,,"{'id': '87dfa9cb', 'name': 'Trọng Thanh', 'dialect': None, 'gender': None, 'age': None, 'url': 'https://sachnoiviet.net/giong-doc/trong-thanh', 'tone': None, 'volume': None, 'speed': None, 'pitch': None}",3.1056,Trần Đình Dũng,https://thuviensachpdf.com/qua-cua-bo,https://sachnoiviet.net/sach-noi/qua-cua-bo,,,,,,,
9c858d4e,me-min-bo-min,,,"{'id': 'f08e18f8', 'name': 'Ngô Hồng', 'dialect': None, 'gender': None, 'age': None, 'url': 'https://sachnoiviet.net/giong-doc/ngo-hong', 'tone': None, 'volume': None, 'speed': None, 'pitch': None}",3.5233,Tô Hoài,https://thuviensachpdf.com/me-min-bo-min,https://sachnoiviet.net/sach-noi/me-min-bo-min,,,,,,,
14421128,hoc-cach-tieu-tien,,,"{'id': 'a4b8fb9f', 'name': 'Unknown', 'dialect': None, 'gender': None, 'age': None, 'url': 'Unknown', 'tone': None, 'volume': None, 'speed': None, 'pitch': None}",4.5222,Larry Winget,https://thuviensachpdf.com/hoc-cach-tieu-tien,https://sachnoiviet.net/sach-noi/hoc-cach-tieu-tien,,,,,,,
a144db8f,nhung-ngay-tho-au,,,"{'id': '4c44a6aa', 'name': 'Ngô Hồng', 'dialect': None, 'gender': None, 'age': None, 'url': 'https://sachnoiviet.net/giong-doc/ngo-hong', 'tone': None, 'volume': None, 'speed': None, 'pitch': None}",3.2722,Nguyên Hồng,https://thuviensachpdf.com/nhung-ngay-tho-au,https://sachnoiviet.net/sach-noi/nhung-ngay-tho-au,,,,,,,
a663dfa8,sakichi-toyoda-va-toyota--thay-đoi-cong-thuc-cua-khat-vong,,,"{'id': 'fd0f5361', 'name': 'Thùy Duyên', 'dialect': None, 'gender': None, 'age': None, 'url': 'https://sachnoiviet.net/giong-doc/thuy-duyen', 'tone': None, 'volume': None, 'speed': None, 'pitch': None}",4.2197,Toyoda Sakichi,https://thuviensachpdf.com/sakichi-toyoda-va-toyota-thay-doi-cong-thuc-cua-khat-vong,https://sachnoiviet.net/sach-noi/sakichi-toyoda-va-toyota-thay-doi-cong-thuc-cua-khat-vong,,,,,,,
e668ac5a,boc-me-nhung-cai-co-cua-đan-ong,,,"{'id': 'c2452f88', 'name': 'Mộc', 'dialect': None, 'gender': None, 'age': None, 'url': 'https://sachnoiviet.net/giong-doc/moc', 'tone': None, 'volume': None, 'speed': None, 'pitch': None}",4.1533,Greg Behrendt,https://thuviensachpdf.com/boc-me-nhung-cai-co-cua-dan-ong,https://sachnoiviet.net/sach-noi/boc-me-nhung-cai-co-cua-dan-ong,,,,,,,
cde688e5,su-menh-yeu-thuong,,,"{'id': '3e2f71aa', 'name': 'Minh Hoàng', 'dialect': None, 'gender': None, 'age': None, 'url': 'https://sachnoiviet.net/giong-doc/minh-hoang', 'tone': None, 'volume': None, 'speed': None, 'pitch': None}",4.0389,Roger Cole,https://thuviensachpdf.com/su-menh-yeu-thuong,https://sachnoiviet.net/sach-noi/su-menh-yeu-thuong,,,,,,,
ca2ab743,buoc-toi-thanh-thoi,,,"{'id': 'a5918582', 'name': 'Kim Phụng', 'dialect': None, 'gender': None, 'age': None, 'url': 'https://sachnoiviet.net/giong-doc/kim-phung', 'tone': None, 'volume': None, 'speed': None, 'pitch': None}",4.4794,Thích Nhất Hạnh,https://thuviensachpdf.com/buoc-toi-thanh-thoi,https://sachnoiviet.net/sach-noi/buoc-toi-thanh-thoi,,,,,,,
4f8028fb,that-lac-coi-nguoi,,,"{'id': '758e0489', 'name': 'Phương Ocean', 'dialect': None, 'gender': None, 'age': None, 'url': 'https://sachnoiviet.net/giong-doc/phuong-ocean', 'tone': None, 'volume': None, 'speed': None, 'pitch': None}",3.0625,Dazai Osamu,https://thuviensachpdf.com/that-lac-coi-nguoi,https://sachnoiviet.net/sach-noi/that-lac-coi-nguoi,,,,,,,
8942f522,luong-van-can--xay-dung-đao-kinh-doanh-cho-nguoi-viet,,,"{'id': '8817a5f8', 'name': 'Thùy Duyên', 'dialect': None, 'gender': None, 'age': None, 'url': 'https://sachnoiviet.net/giong-doc/thuy-duyen', 'tone': None, 'volume': None, 'speed': None, 'pitch': None}",3.8792,Nguyễn Hồng Dung,https://thuviensachpdf.com/luong-van-can-xay-dung-dao-kinh-doanh-cho-nguoi-viet,https://sachnoiviet.net/sach-noi/luong-van-can-xay-dung-dao-kinh-doanh-cho-nguoi-viet,,,,,,,
ef798777,chet-đi-ve-đau,,,"{'id': '9dc4450f', 'name': 'Unknown', 'dialect': None, 'gender': None, 'age': None, 'url': 'Unknown', 'tone': None, 'volume': None, 'speed': None, 'pitch': None}",3.8058,Thích Nhật Từ,https://thuviensachpdf.com/chet-di-ve-dau,https://sachnoiviet.net/sach-noi/chet-di-ve-dau,,,,,,,
b1bd9661,cac-ky-nang-trong-lieu-phap-cau-nguyen,,,"{'id': 'a9895159', 'name': 'Việt Dũng', 'dialect': None, 'gender': None, 'age': None, 'url': 'https://sachnoiviet.net/giong-doc/viet-dung', 'tone': None, 'volume': None, 'speed': None, 'pitch': None}",4.9583,Joseph Murphy,https://thuviensachpdf.com/cac-ky-nang-trong-lieu-phap-cau-nguyen,https://sachnoiviet.net/sach-noi/cac-ky-nang-trong-lieu-phap-cau-nguyen,,,,,,,
ee8ca504,ngoi-lang-co-mo,,,"{'id': 'e7b79d66', 'name': 'Bibimbap Bắp', 'dialect': None, 'gender': None, 'age': None, 'url': 'https://sachnoiviet.net/giong-doc/bibimbap-bap', 'tone': None, 'volume': None, 'speed': None, 'pitch': None}",4.8361,Thục Linh,https://thuviensachpdf.com/ngoi-lang-co-mo,https://sachnoiviet.net/sach-noi/ngoi-lang-co-mo,,,,,,,
59b6b113,an-la-phuong-nam,,,"{'id': 'fb4e1f50', 'name': 'Hoàng Anh', 'dialect': None, 'gender': None, 'age': None, 'url': 'https://sachnoiviet.net/giong-doc/hoang-anh', 'tone': None, 'volume': None, 'speed': None, 'pitch': None}",3.0364,Vũ Đức Sao Biển,https://thuviensachpdf.com/an-la-phuong-nam,https://sachnoiviet.net/sach-noi/an-la-phuong-nam,,,,,,,
a449fd4c,cai-cuoi-cua-thanh-nhan,,,"{'id': 'bcf0dd0b', 'name': 'Lê Như Quỳnh', 'dialect': None, 'gender': None, 'age': None, 'url': 'https://sachnoiviet.net/giong-doc/le-nhu-quynh', 'tone': None, 'volume': None, 'speed': None, 'pitch': None}",3.1075,Nguyễn Duy Cần,https://thuviensachpdf.com/cai-cuoi-cua-thanh-nhan,https://sachnoiviet.net/sach-noi/cai-cuoi-cua-thanh-nhan,,,,,,,
a9946fed,you-can--khong-gi-la-khong-the,,,"{'id': '706e4c71', 'name': 'Hằng Lê', 'dialect': None, 'gender': None, 'age': None, 'url': 'https://sachnoiviet.net/giong-doc/hang-le', 'tone': None, 'volume': None, 'speed': None, 'pitch': None}",3.9528,George Matthew Adams,https://thuviensachpdf.com/you-can-khong-gi-la-khong-the,https://sachnoiviet.net/sach-noi/you-can-khong-gi-la-khong-the,,,,,,,
32dba208,nghi-nhu-nha-vo-đich,,,"{'id': '14c4d4af', 'name': 'Quang Điền', 'dialect': None, 'gender': None, 'age': None, 'url': 'https://sachnoiviet.net/giong-doc/quang-dien', 'tone': None, 'volume': None, 'speed': None, 'pitch': None}",4.2411,Donald J. Trump,https://thuviensachpdf.com/nghi-nhu-nha-vo-dich,https://sachnoiviet.net/sach-noi/nghi-nhu-nha-vo-dich,,,,,,,
198ce778,con-đuong-đi-đen-thanh-cong-bang-su-tu-te,,,"{'id': '31958974', 'name': 'Trần Huỳnh Phương Trang', 'dialect': None, 'gender': None, 'age': None, 'url': 'https://sachnoiviet.net/giong-doc/tran-huy-phuong-trang', 'tone': None, 'volume': None, 'speed': None, 'pitch': None}",4.8892,Inamori Kazuo,https://thuviensachpdf.com/con-duong-di-den-thanh-cong-bang-su-tu-te,https://sachnoiviet.net/sach-noi/con-duong-di-den-thanh-cong-bang-su-tu-te,,,,,,,
1b949da0,song-sang-suot,,,"{'id': 'ab244c80', 'name': 'Minh Dũng', 'dialect': None, 'gender': None, 'age': None, 'url': 'https://sachnoiviet.net/giong-doc/minh-dung', 'tone': None, 'volume': None, 'speed': None, 'pitch': None}",3.3328,Dean Cunningham,https://thuviensachpdf.com/song-sang-suot,https://sachnoiviet.net/sach-noi/song-sang-suot,,,,,,,
2f36bf4b,coi-troi-linh-hon,,,"{'id': 'd540d0f4', 'name': 'Unknown', 'dialect': None, 'gender': None, 'age': None, 'url': 'Unknown', 'tone': None, 'volume': None, 'speed': None, 'pitch': None}",3.7281,Michael A. Singer,https://thuviensachpdf.com/coi-troi-linh-hon,https://sachnoiviet.net/sach-noi/coi-troi-linh-hon,,,,,,,
e76b4410,đon-hen,,,"{'id': 'ab0310aa', 'name': 'Minh Thạnh', 'dialect': None, 'gender': None, 'age': None, 'url': 'https://sachnoiviet.net/giong-doc/minh-thanh', 'tone': None, 'volume': None, 'speed': None, 'pitch': None}",3.7056,Thế Lữ,https://thuviensachpdf.com/don-hen,https://sachnoiviet.net/sach-noi/don-hen,,,,,,,
b27eecc5,thomas-watson-sr-va-ibm--xac-lap-cong-thuc-tu-duy,,,"{'id': '966d378f', 'name': 'Thùy Duyên', 'dialect': None, 'gender': None, 'age': None, 'url': 'https://sachnoiviet.net/giong-doc/thuy-duyen', 'tone': None, 'volume': None, 'speed': None, 'pitch': None}",4.1994,Nguyễn Hoàng Nhật Tân,https://thuviensachpdf.com/thomas-watson-sr-va-ibm-xac-lap-cong-thuc-tu-duy,https://sachnoiviet.net/sach-noi/thomas-watson-sr-va-ibm-xac-lap-cong-thuc-tu-duy,,,,,,,
56a27870,hieu-luc-cau-nguyen,,,"{'id': 'f68f643e', 'name': 'Thy Mai', 'dialect': None, 'gender': None, 'age': None, 'url': 'https://sachnoiviet.net/giong-doc/thy-mai', 'tone': None, 'volume': None, 'speed': None, 'pitch': None}",3.4569,Thích Nhất Hạnh,https://thuviensachpdf.com/hieu-luc-cau-nguyen,https://sachnoiviet.net/sach-noi/hieu-luc-cau-nguyen,,,,,,,
d1de5e75,la-ngoc-canh-vang,,,"{'id': '313e97b3', 'name': 'Quỳnh Phương', 'dialect': None, 'gender': None, 'age': None, 'url': 'https://sachnoiviet.net/giong-doc/quynh-phuong', 'tone': None, 'volume': None, 'speed': None, 'pitch': None}",4.1744,Nguyễn Công Hoan,https://thuviensachpdf.com/la-ngoc-canh-vang,https://sachnoiviet.net/sach-noi/la-ngoc-canh-vang,,,,,,,
b7727e7f,mo-cua-trai-tim,,,"{'id': '0e1a9b25', 'name': 'Minh Hoàng', 'dialect': None, 'gender': None, 'age': None, 'url': 'https://sachnoiviet.net/giong-doc/minh-hoang', 'tone': None, 'volume': None, 'speed': None, 'pitch': None}",3.8889,Ajahn Brahm,https://thuviensachpdf.com/mo-cua-trai-tim,https://sachnoiviet.net/sach-noi/mo-cua-trai-tim,,,,,,,
40723164,hanh-phuc-la-đieu-co-that,,,"{'id': 'c83a71d6', 'name': 'Thanh Cúc', 'dialect': None, 'gender': None, 'age': None, 'url': 'https://sachnoiviet.net/giong-doc/thanh-cuc', 'tone': None, 'volume': None, 'speed': None, 'pitch': None}",3.9078,Nguyễn Minh Tiến,https://thuviensachpdf.com/hanh-phuc-la-dieu-co-that,https://sachnoiviet.net/sach-noi/hanh-phuc-la-dieu-co-that,,,,,,,
53d018ae,trump--đung-bao-gio-bo-cuoc,,,"{'id': '631716a2', 'name': 'MC Quốc Bình', 'dialect': None, 'gender': None, 'age': None, 'url': 'https://sachnoiviet.net/giong-doc/mc-quoc-binh', 'tone': None, 'volume': None, 'speed': None, 'pitch': None}",4.5839,Donald J. Trump,https://thuviensachpdf.com/trump-dung-bao-gio-bo-cuoc,https://sachnoiviet.net/sach-noi/trump-dung-bao-gio-bo-cuoc,,,,,,,
36bad5d6,ba-chia-khoa-vang-nuoi-day-con-theo-phuong-phap-shichida,,,"{'id': 'e140e985', 'name': 'Unknown', 'dialect': None, 'gender': None, 'age': None, 'url': 'Unknown', 'tone': None, 'volume': None, 'speed': None, 'pitch': None}",3.3875,Makoto Shichida,https://thuviensachpdf.com/ba-chia-khoa-vang-nuoi-day-con-theo-phuong-phap-shichida,https://sachnoiviet.net/sach-noi/ba-chia-khoa-vang-nuoi-day-con-theo-phuong-phap-shichida,,,,,,,
6b48165e,tuyen-tap-truyen-ngan-vu-trong-phung,,,"{'id': '3086bd1a', 'name': 'Hồng Trinh', 'dialect': None, 'gender': None, 'age': None, 'url': 'https://sachnoiviet.net/giong-doc/hong-trinh', 'tone': None, 'volume': None, 'speed': None, 'pitch': None}",4.0989,Vũ Trọng Phụng,https://thuviensachpdf.com/tuyen-tap-truyen-ngan-vu-trong-phung,https://sachnoiviet.net/sach-noi/tuyen-tap-truyen-ngan-vu-trong-phung,,,,,,,
e71347de,de-men-phieu-luu-ky,,,"{'id': '81c8ba49', 'name': 'Trần Ngọc San', 'dialect': None, 'gender': None, 'age': None, 'url': 'https://sachnoiviet.net/giong-doc/tran-ngoc-san', 'tone': None, 'volume': None, 'speed': None, 'pitch': None}",3.0258,Tô Hoài,https://thuviensachpdf.com/de-men-phieu-luu-ky,https://sachnoiviet.net/sach-noi/de-men-phieu-luu-ky,,,,,,,
753c257d,tieng-đat,,,"{'id': '25440d62', 'name': 'Dương Liễu', 'dialect': None, 'gender': None, 'age': None, 'url': 'https://sachnoiviet.net/giong-doc/duong-lieu', 'tone': None, 'volume': None, 'speed': None, 'pitch': None}",4.1008,Hà Nguyên Huyến,https://thuviensachpdf.com/tieng-dat,https://sachnoiviet.net/sach-noi/tieng-dat,,,,,,,
62f52f66,nang-trong-vuon,,,"{'id': '877d9bb5', 'name': 'Mạc Duy Thắng', 'dialect': None, 'gender': None, 'age': None, 'url': 'https://sachnoiviet.net/giong-doc/mac-duy-thang', 'tone': None, 'volume': None, 'speed': None, 'pitch': None}",3.355,Thạch Lam,https://thuviensachpdf.com/nang-trong-vuon,https://sachnoiviet.net/sach-noi/nang-trong-vuon,,,,,,,
99e312b6,55-ngay-che-đo-sai-gon-sup-đo,,,"{'id': '2ad97623', 'name': 'Như Hải', 'dialect': None, 'gender': None, 'age': None, 'url': 'https://sachnoiviet.net/giong-doc/nhu-hai', 'tone': None, 'volume': None, 'speed': None, 'pitch': None}",3.1494,Alan Dowson,https://thuviensachpdf.com/55-ngay-che-do-sai-gon-sup-do,https://sachnoiviet.net/sach-noi/55-ngay-che-do-sai-gon-sup-do,,,,,,,
8a564cc6,la-nam-trong-la,,,"{'id': 'd88d8fde', 'name': 'Trần Ngọc San', 'dialect': None, 'gender': None, 'age': None, 'url': 'https://sachnoiviet.net/giong-doc/tran-ngoc-san', 'tone': None, 'volume': None, 'speed': None, 'pitch': None}",4.4239,Nguyễn Nhật Ánh,https://thuviensachpdf.com/la-nam-trong-la,https://sachnoiviet.net/sach-noi/la-nam-trong-la,,,,,,,
00516105,đoi-đon-gian-khi-ta-đon-gian,,,"{'id': '55b5712b', 'name': 'Bình Minh', 'dialect': None, 'gender': None, 'age': None, 'url': 'https://sachnoiviet.net/giong-doc/binh-minh', 'tone': None, 'volume': None, 'speed': None, 'pitch': None}",4.5889,Xuân Nguyễn,https://thuviensachpdf.com/doi-don-gian-khi-ta-don-gian,https://sachnoiviet.net/sach-noi/doi-don-gian-khi-ta-don-gian,,,,,,,
9331ba68,nguoi-nhay-cam-mon-qua-hay-loi-nguyen,,,"{'id': 'ab4a7420', 'name': 'Hẻm Sách', 'dialect': None, 'gender': None, 'age': None, 'url': 'https://sachnoiviet.net/giong-doc/hem-sach', 'tone': None, 'volume': None, 'speed': None, 'pitch': None}",3.0964,Elaine N. Aron,https://thuviensachpdf.com/nguoi-nhay-cam-mon-qua-hay-loi-nguyen,https://sachnoiviet.net/sach-noi/nguoi-nhay-cam-mon-qua-hay-loi-nguyen,,,,,,,
793b226a,nhung-giac-mo-o-hieu-sach-morisaki,,,"{'id': 'd03b9fe1', 'name': 'Trang Radio', 'dialect': None, 'gender': None, 'age': None, 'url': 'https://sachnoiviet.net/giong-doc/trang-radio', 'tone': None, 'volume': None, 'speed': None, 'pitch': None}",3.4328,Yagisawa Satoshi,https://thuviensachpdf.com/nhung-giac-mo-o-hieu-sach-morisaki,https://sachnoiviet.net/sach-noi/nhung-giac-mo-o-hieu-sach-morisaki,,,,,,,
07be8a18,cuoc-đoi-tre--99-phu-thuoc-vao-bo,,,"{'id': '449f9013', 'name': 'Đằng Đông', 'dialect': None, 'gender': None, 'age': None, 'url': 'https://sachnoiviet.net/giong-doc/dang-dong', 'tone': None, 'volume': None, 'speed': None, 'pitch': None}",4.3556,Ngạn Thu,https://thuviensachpdf.com/cuoc-doi-tre-99-phu-thuoc-vao-bo,https://sachnoiviet.net/sach-noi/cuoc-doi-tre-99-phu-thuoc-vao-bo,,,,,,,
b385f0c9,minh-la-ca-viec-cua-minh-la-boi,,,"{'id': 'c239e5e0', 'name': 'Bửu Xim', 'dialect': None, 'gender': None, 'age': None, 'url': 'https://sachnoiviet.net/giong-doc/buu-xim', 'tone': None, 'volume': None, 'speed': None, 'pitch': None}",4.5258,Takeshi Furukawa,https://thuviensachpdf.com/minh-la-ca-viec-cua-minh-la-boi,https://sachnoiviet.net/sach-noi/minh-la-ca-viec-cua-minh-la-boi,,,,,,,
4363bb2b,đoi-mua-gio,,,"{'id': '243149ed', 'name': 'Hồng Trinh', 'dialect': None, 'gender': None, 'age': None, 'url': 'https://sachnoiviet.net/giong-doc/hong-trinh', 'tone': None, 'volume': None, 'speed': None, 'pitch': None}",4.8369,Nhất Linh,https://thuviensachpdf.com/doi-mua-gio,https://sachnoiviet.net/sach-noi/doi-mua-gio,,,,,,,
59a37934,be-khoa-bi-mat-trieu-phu,,,"{'id': 'b07b4764', 'name': 'Lê Yến', 'dialect': None, 'gender': None, 'age': None, 'url': 'https://sachnoiviet.net/giong-doc/le-yen', 'tone': None, 'volume': None, 'speed': None, 'pitch': None}",4.3431,Thomas J. Stanley,https://thuviensachpdf.com/be-khoa-bi-mat-trieu-phu,https://sachnoiviet.net/sach-noi/be-khoa-bi-mat-trieu-phu,,,,,,,
b4634830,giang-ho-sai-gon,,,"{'id': '8a6bfcc5', 'name': 'Xuân Hùng', 'dialect': None, 'gender': None, 'age': None, 'url': 'https://sachnoiviet.net/giong-doc/xuan-hung', 'tone': None, 'volume': None, 'speed': None, 'pitch': None}",4.1911,Vũ Quang Hùng,https://thuviensachpdf.com/giang-ho-sai-gon,https://sachnoiviet.net/sach-noi/giang-ho-sai-gon,,,,,,,
09ae4f58,ai-lam-đuoc,,,"{'id': '5ed0688d', 'name': 'Quỳnh Như', 'dialect': None, 'gender': None, 'age': None, 'url': 'https://sachnoiviet.net/giong-doc/quynh-nhu', 'tone': None, 'volume': None, 'speed': None, 'pitch': None}",4.5986,Hồ Biểu Chánh,https://thuviensachpdf.com/ai-lam-duoc,https://sachnoiviet.net/sach-noi/ai-lam-duoc,,,,,,,
804c74eb,coi-nguoi-ta,,,"{'id': '86e14c88', 'name': 'Thủy Tiên', 'dialect': None, 'gender': None, 'age': None, 'url': 'https://sachnoiviet.net/giong-doc/thuy-tien', 'tone': None, 'volume': None, 'speed': None, 'pitch': None}",4.4778,Antoine De Saint-Exupery,https://thuviensachpdf.com/coi-nguoi-ta,https://sachnoiviet.net/sach-noi/coi-nguoi-ta,,,,,,,
d418b6a7,buoc-cham-lai-giua-the-gian-voi-va,,,"{'id': 'b72acffb', 'name': 'Kiều My', 'dialect': None, 'gender': None, 'age': None, 'url': 'https://sachnoiviet.net/giong-doc/kieu-my', 'tone': None, 'volume': None, 'speed': None, 'pitch': None}",3.4444,Hae Min,https://thuviensachpdf.com/buoc-cham-lai-giua-the-gian-voi-va,https://sachnoiviet.net/sach-noi/buoc-cham-lai-giua-the-gian-voi-va,,,,,,,
088c101e,song-đoi-đang-song,,,"{'id': '280decc3', 'name': 'Sách Hay Bizbook', 'dialect': None, 'gender': None, 'age': None, 'url': 'https://sachnoiviet.net/giong-doc/sach-hay-bizbook', 'tone': None, 'volume': None, 'speed': None, 'pitch': None}",3.0319,David Guy Powers,https://thuviensachpdf.com/song-doi-dang-song,https://sachnoiviet.net/sach-noi/song-doi-dang-song,,,,,,,
53c1ab8d,hoi-uc-ve-nhung-co-gai-điem-buon-cua-toi,,,"{'id': '09843f00', 'name': 'Ái Hòa', 'dialect': None, 'gender': None, 'age': None, 'url': 'https://sachnoiviet.net/giong-doc/ai-hoa', 'tone': None, 'volume': None, 'speed': None, 'pitch': None}",3.4889,Gabriel Garcia Marquez,https://thuviensachpdf.com/hoi-uc-ve-nhung-co-gai-diem-buon-cua-toi,https://sachnoiviet.net/sach-noi/hoi-uc-ve-nhung-co-gai-diem-buon-cua-toi,,,,,,,
96cfa166,ho-chieu-hanh-phuc,,,"{'id': '4024d4e0', 'name': 'Ngọc Quế', 'dialect': None, 'gender': None, 'age': None, 'url': 'https://sachnoiviet.net/giong-doc/ngoc-que', 'tone': None, 'volume': None, 'speed': None, 'pitch': None}",3.5681,Ehara Hiroyuki,https://thuviensachpdf.com/ho-chieu-hanh-phuc,https://sachnoiviet.net/sach-noi/ho-chieu-hanh-phuc,,,,,,,
9b3cd734,giau-tu-chung-khoan,,,"{'id': '1facb2a9', 'name': 'Unknown', 'dialect': None, 'gender': None, 'age': None, 'url': 'Unknown', 'tone': None, 'volume': None, 'speed': None, 'pitch': None}",4.9806,John Boik,https://thuviensachpdf.com/giau-tu-chung-khoan,https://sachnoiviet.net/sach-noi/giau-tu-chung-khoan,,,,,,,
ece5b4e4,cho-la-nhan,,,"{'id': '8c2507af', 'name': 'Quang Tâm', 'dialect': None, 'gender': None, 'age': None, 'url': 'https://sachnoiviet.net/giong-doc/quang-tam', 'tone': None, 'volume': None, 'speed': None, 'pitch': None}",4.2222,Ken Blanchard,https://thuviensachpdf.com/cho-la-nhan,https://sachnoiviet.net/sach-noi/cho-la-nhan,,,,,,,
83c1e668,bi-mat-ho-ca-than,,,"{'id': '1d98f468', 'name': 'Dương Liễu', 'dialect': None, 'gender': None, 'age': None, 'url': 'https://sachnoiviet.net/giong-doc/duong-lieu', 'tone': None, 'volume': None, 'speed': None, 'pitch': None}",3.1558,Nguyễn Quang Thiều,https://thuviensachpdf.com/bi-mat-ho-ca-than,https://sachnoiviet.net/sach-noi/bi-mat-ho-ca-than,,,,,,,
6a62e4be,cay-cam-ngot-cua-toi,,,"{'id': '6338feb7', 'name': 'Phát Thanh Sóc Trăng', 'dialect': None, 'gender': None, 'age': None, 'url': 'https://sachnoiviet.net/giong-doc/phat-thanh-soc-trang', 'tone': None, 'volume': None, 'speed': None, 'pitch': None}",4.9997,José Mauro,https://thuviensachpdf.com/cay-cam-ngot-cua-toi,https://sachnoiviet.net/sach-noi/cay-cam-ngot-cua-toi,,,,,,,
dc4b71dc,le-đuoc-mat,,,"{'id': 'a091dbcf', 'name': 'Lê Như Quỳnh', 'dialect': None, 'gender': None, 'age': None, 'url': 'https://sachnoiviet.net/giong-doc/le-nhu-quynh', 'tone': None, 'volume': None, 'speed': None, 'pitch': None}",4.1181,Lya Luft,https://thuviensachpdf.com/le-duoc-mat,https://sachnoiviet.net/sach-noi/le-duoc-mat,,,,,,,
716a4814,cuoi-guong,,,"{'id': '05008f8c', 'name': 'Quỳnh Như', 'dialect': None, 'gender': None, 'age': None, 'url': 'https://sachnoiviet.net/giong-doc/quynh-nhu', 'tone': None, 'volume': None, 'speed': None, 'pitch': None}",4.2056,Hồ Biểu Chánh,https://thuviensachpdf.com/cuoi-guong,https://sachnoiviet.net/sach-noi/cuoi-guong,,,,,,,
464108dd,chuc-mot-ngay-tot-lanh,,,"{'id': '8efacced', 'name': 'Nguyễn Nguyễn', 'dialect': None, 'gender': None, 'age': None, 'url': 'https://sachnoiviet.net/giong-doc/nguyen-nguyen', 'tone': None, 'volume': None, 'speed': None, 'pitch': None}",3.4067,Nguyễn Nhật Ánh,https://thuviensachpdf.com/chuc-mot-ngay-tot-lanh,https://sachnoiviet.net/sach-noi/chuc-mot-ngay-tot-lanh,,,,,,,
a0ef10b7,cach-su-dung-suc-manh-chua-lanh,,,"{'id': '98d79d5f', 'name': 'Việt Dũng', 'dialect': None, 'gender': None, 'age': None, 'url': 'https://sachnoiviet.net/giong-doc/viet-dung', 'tone': None, 'volume': None, 'speed': None, 'pitch': None}",4.0897,Joseph Murphy,https://thuviensachpdf.com/cach-su-dung-suc-manh-chua-lanh,https://sachnoiviet.net/sach-noi/cach-su-dung-suc-manh-chua-lanh,,,,,,,
f3d2f527,lao-tu-tinh-hoa,,,"{'id': '39d01f3b', 'name': 'Lê Như Quỳnh', 'dialect': None, 'gender': None, 'age': None, 'url': 'https://sachnoiviet.net/giong-doc/le-nhu-quynh', 'tone': None, 'volume': None, 'speed': None, 'pitch': None}",3.1403,Nguyễn Duy Cần,https://thuviensachpdf.com/lao-tu-tinh-hoa,https://sachnoiviet.net/sach-noi/lao-tu-tinh-hoa,,,,,,,
cf38ece7,akio-morita-va-sony--kien-tao-nen-giai-tri-tuong-lai,,,"{'id': '612ab2b3', 'name': 'Thùy Duyên', 'dialect': None, 'gender': None, 'age': None, 'url': 'https://sachnoiviet.net/giong-doc/thuy-duyen', 'tone': None, 'volume': None, 'speed': None, 'pitch': None}",4.2556,Lê Nguyễn,https://thuviensachpdf.com/akio-morita-va-sony-kien-tao-nen-giai-tri-tuong-lai,https://sachnoiviet.net/sach-noi/akio-morita-va-sony-kien-tao-nen-giai-tri-tuong-lai,,,,,,,
81328c08,du-vi-tra-chieu,,,"{'id': '659a0ecc', 'name': 'Unknown', 'dialect': None, 'gender': None, 'age': None, 'url': 'Unknown', 'tone': None, 'volume': None, 'speed': None, 'pitch': None}",4.1956,Minh Hiểu Khê,https://thuviensachpdf.com/du-vi-tra-chieu,https://sachnoiviet.net/sach-noi/du-vi-tra-chieu,,,,,,,
26f8e5ff,ban-that-su-co-tai,,,"{'id': 'a408e390', 'name': 'Thùy Duyên', 'dialect': None, 'gender': None, 'age': None, 'url': 'https://sachnoiviet.net/giong-doc/thuy-duyen', 'tone': None, 'volume': None, 'speed': None, 'pitch': None}",4.8556,Tina Seelig,https://thuviensachpdf.com/ban-that-su-co-tai,https://sachnoiviet.net/sach-noi/ban-that-su-co-tai,,,,,,,
64a4ccb5,đua-con-gai-hoang-đang,,,"{'id': '35a38e41', 'name': 'Cao Hương', 'dialect': None, 'gender': None, 'age': None, 'url': 'https://sachnoiviet.net/giong-doc/cao-huong', 'tone': None, 'volume': None, 'speed': None, 'pitch': None}",3.3792,Jeffrey Archer,https://thuviensachpdf.com/dua-con-gai-hoang-dang,https://sachnoiviet.net/sach-noi/dua-con-gai-hoang-dang,,,,,,,
637c508d,cu-binh-tinh,,,"{'id': '6a2c3b2e', 'name': 'Tường Vi', 'dialect': None, 'gender': None, 'age': None, 'url': 'https://sachnoiviet.net/giong-doc/tuong-vi', 'tone': None, 'volume': None, 'speed': None, 'pitch': None}",3.17,Tuệ Nghi,https://thuviensachpdf.com/cu-binh-tinh,https://sachnoiviet.net/sach-noi/cu-binh-tinh,,,,,,,
cbf2c8d9,tat-đen,,,"{'id': '6a22ce18', 'name': 'Bình Nguyên', 'dialect': None, 'gender': None, 'age': None, 'url': 'https://sachnoiviet.net/giong-doc/binh-nguyen', 'tone': None, 'volume': None, 'speed': None, 'pitch': None}",3.0739,Ngô Tất Tố,https://thuviensachpdf.com/tat-den,https://sachnoiviet.net/sach-noi/tat-den,,,,,,,
4473da30,lam-it-đuoc-nhieu,,,"{'id': '6abddcfe', 'name': 'Trần Tuyết Minh', 'dialect': None, 'gender': None, 'age': None, 'url': 'https://sachnoiviet.net/giong-doc/tran-tuyet-minh', 'tone': None, 'volume': None, 'speed': None, 'pitch': None}",3.955,Chin Ning Chu,https://thuviensachpdf.com/lam-it-duoc-nhieu,https://sachnoiviet.net/sach-noi/lam-it-duoc-nhieu,,,,,,,
67f62c93,ai-tinh-mieu,,,"{'id': 'fb3f57b5', 'name': 'Thanh Vân', 'dialect': None, 'gender': None, 'age': None, 'url': 'https://sachnoiviet.net/giong-doc/thanh-van', 'tone': None, 'volume': None, 'speed': None, 'pitch': None}",4.1889,Hồ Biểu Chánh,https://thuviensachpdf.com/ai-tinh-mieu,https://sachnoiviet.net/sach-noi/ai-tinh-mieu,,,,,,,
f7dfbce5,đao-cua-warren-buffett,,,"{'id': '177eef08', 'name': 'Unknown', 'dialect': None, 'gender': None, 'age': None, 'url': 'Unknown', 'tone': None, 'volume': None, 'speed': None, 'pitch': None}",3.8369,David Clark,https://thuviensachpdf.com/dao-cua-warren-buffett,https://sachnoiviet.net/sach-noi/dao-cua-warren-buffett,,,,,,,
7e432061,kinh-thanh-ve-nghe-thuat-ban-hang,,,"{'id': '7bb40811', 'name': 'Shine Bright', 'dialect': None, 'gender': None, 'age': None, 'url': 'https://sachnoiviet.net/giong-doc/shine-bright', 'tone': None, 'volume': None, 'speed': None, 'pitch': None}",3.6389,Jeffrey Gitomer,https://thuviensachpdf.com/kinh-thanh-ve-nghe-thuat-ban-hang,https://sachnoiviet.net/sach-noi/kinh-thanh-ve-nghe-thuat-ban-hang,,,,,,,
4f457772,ly-quang-dieu-ban-ve-trung-quoc-hoa-ky-va-the-gioi,,,"{'id': '573ccdfb', 'name': 'Unknown', 'dialect': None, 'gender': None, 'age': None, 'url': 'Unknown', 'tone': None, 'volume': None, 'speed': None, 'pitch': None}",4.0917,Allison Graham,https://thuviensachpdf.com/ly-quang-dieu-ban-ve-trung-quoc-hoa-ky-va-the-gioi,https://sachnoiviet.net/sach-noi/ly-quang-dieu-ban-ve-trung-quoc-hoa-ky-va-the-gioi,,,,,,,
2df6e1e1,hom-nay-toi-hoc-cach-yeu-thuong-chinh-minh,,,"{'id': 'c566a7c0', 'name': 'Mộc', 'dialect': None, 'gender': None, 'age': None, 'url': 'https://sachnoiviet.net/giong-doc/moc', 'tone': None, 'volume': None, 'speed': None, 'pitch': None}",3.2556,Jeong Youngwook,https://thuviensachpdf.com/hom-nay-toi-hoc-cach-yeu-thuong-chinh-minh,https://sachnoiviet.net/sach-noi/hom-nay-toi-hoc-cach-yeu-thuong-chinh-minh,,,,,,,
0422265c,khuc-nam-ai,,,"{'id': 'da8091b6', 'name': 'Nào Đi Thôi', 'dialect': None, 'gender': None, 'age': None, 'url': 'https://sachnoiviet.net/giong-doc/nao-di-thoi', 'tone': None, 'volume': None, 'speed': None, 'pitch': None}",3.8308,Kim Hài,https://thuviensachpdf.com/khuc-nam-ai,https://sachnoiviet.net/sach-noi/khuc-nam-ai,,,,,,,
5a7b62c1,bien-con-song-gio,,,"{'id': '88c8901b', 'name': 'Lê Duyên', 'dialect': None, 'gender': None, 'age': None, 'url': 'https://sachnoiviet.net/giong-doc/le-duyen', 'tone': None, 'volume': None, 'speed': None, 'pitch': None}",3.67,Dạ Tuyền,https://thuviensachpdf.com/bien-con-song-gio,https://sachnoiviet.net/sach-noi/bien-con-song-gio,,,,,,,
1f518183,quan-ly-nghiep,,,"{'id': 'a0e145fe', 'name': 'Unknown', 'dialect': None, 'gender': None, 'age': None, 'url': 'Unknown', 'tone': None, 'volume': None, 'speed': None, 'pitch': None}",3.8364,Geshe Michael Roach,https://thuviensachpdf.com/quan-ly-nghiep,https://sachnoiviet.net/sach-noi/quan-ly-nghiep,,,,,,,
3067fccf,nhung-nguyen-tac-thanh-cong,,,"{'id': 'a64c82ce', 'name': 'Thùy Châu', 'dialect': None, 'gender': None, 'age': None, 'url': 'https://sachnoiviet.net/giong-doc/thuy-chau', 'tone': None, 'volume': None, 'speed': None, 'pitch': None}",3.2553,Jack Canfield,https://thuviensachpdf.com/nhung-nguyen-tac-thanh-cong,https://sachnoiviet.net/sach-noi/nhung-nguyen-tac-thanh-cong,,,,,,,
a4bff719,dau-binh-lua,,,"{'id': '1db242a6', 'name': 'Tám Tình Tang', 'dialect': None, 'gender': None, 'age': None, 'url': 'https://sachnoiviet.net/giong-doc/tam-tinh-tang', 'tone': None, 'volume': None, 'speed': None, 'pitch': None}",4.0181,Phan Nhật Nam,https://thuviensachpdf.com/dau-binh-lua,https://sachnoiviet.net/sach-noi/dau-binh-lua,,,,,,,
cc81431d,anh-se-cuoi-em-them-nhieu-lan-nua,,,"{'id': 'a3bb3ce6', 'name': 'Mộc', 'dialect': None, 'gender': None, 'age': None, 'url': 'https://sachnoiviet.net/giong-doc/moc', 'tone': None, 'volume': None, 'speed': None, 'pitch': None}",3.6889,Hoàng Anh Tú,https://thuviensachpdf.com/anh-se-cuoi-em-them-nhieu-lan-nua,https://sachnoiviet.net/sach-noi/anh-se-cuoi-em-them-nhieu-lan-nua,,,,,,,
06880332,chap-tay-lay-nguoi,,,"{'id': '7fa08085', 'name': 'Chiếu Thành', 'dialect': None, 'gender': None, 'age': None, 'url': 'https://sachnoiviet.net/giong-doc/chieu-thanh', 'tone': None, 'volume': None, 'speed': None, 'pitch': None}",3.8403,Nguyên Minh,https://thuviensachpdf.com/chap-tay-lay-nguoi,https://sachnoiviet.net/sach-noi/chap-tay-lay-nguoi,,,,,,,
0533280f,canh-buom-đo-tham,,,"{'id': '8ae6a0fe', 'name': 'Unknown', 'dialect': None, 'gender': None, 'age': None, 'url': 'Unknown', 'tone': None, 'volume': None, 'speed': None, 'pitch': None}",3.5067,Aleksandr Grin,https://thuviensachpdf.com/canh-buom-do-tham,https://sachnoiviet.net/sach-noi/canh-buom-do-tham,,,,,,,
